Date,Close
6/29/10 16:00,4.78
6/30/10 16:00,4.77
7/1/10 16:00,4.39
7/2/10 16:00,3.84
7/6/10 16:00,3.22
7/7/10 16:00,3.16
7/8/10 16:00,3.49
7/9/10 16:00,3.48
7/12/10 16:00,3.41
7/13/10 16:00,3.63
7/14/10 16:00,3.97
7/15/10 16:00,3.98
7/16/10 16:00,4.13
7/19/10 16:00,4.38
7/20/10 16:00,4.06
7/21/10 16:00,4.04
7/22/10 16:00,4.2
7/23/10 16:00,4.26
7/26/10 16:00,4.19
7/27/10 16:00,4.11
7/28/10 16:00,4.14
7/29/10 16:00,4.07
7/30/10 16:00,3.99
8/2/10 16:00,4.18
8/3/10 16:00,4.39
8/4/10 16:00,4.25
8/5/10 16:00,4.09
8/6/10 16:00,3.92
8/9/10 16:00,3.92
8/10/10 16:00,3.81
8/11/10 16:00,3.58
8/12/10 16:00,3.52
8/13/10 16:00,3.66
8/16/10 16:00,3.76
8/17/10 16:00,3.83
8/18/10 16:00,3.75
8/19/10 16:00,3.76
8/20/10 16:00,3.82
8/23/10 16:00,4.03
8/24/10 16:00,3.84
8/25/10 16:00,3.98
8/26/10 16:00,3.95
8/27/10 16:00,3.94
8/30/10 16:00,3.97
8/31/10 16:00,3.9
9/1/10 16:00,4.09
9/2/10 16:00,4.21
9/3/10 16:00,4.21
9/7/10 16:00,4.11
9/8/10 16:00,4.18
9/9/10 16:00,4.14
9/10/10 16:00,4.03
9/13/10 16:00,4.14
9/14/10 16:00,4.22
9/15/10 16:00,4.4
9/16/10 16:00,4.19
9/17/10 16:00,4.05
9/20/10 16:00,4.21
9/21/10 16:00,4.15
9/22/10 16:00,3.97
9/23/10 16:00,3.91
9/24/10 16:00,4.02
9/27/10 16:00,4.11
9/28/10 16:00,4.28
9/29/10 16:00,4.4
9/30/10 16:00,4.08
10/1/10 16:00,4.12
10/4/10 16:00,4.2
10/5/10 16:00,4.22
10/6/10 16:00,4.08
10/7/10 16:00,4.09
10/8/10 16:00,4.09
10/11/10 16:00,4.05
10/12/10 16:00,4.05
10/13/10 16:00,4.11
10/14/10 16:00,4.15
10/15/10 16:00,4.11
10/18/10 16:00,4.05
10/19/10 16:00,4.01
10/20/10 16:00,4.13
10/21/10 16:00,4.15
10/22/10 16:00,4.14
10/25/10 16:00,4.17
10/26/10 16:00,4.27
10/27/10 16:00,4.2
10/28/10 16:00,4.24
10/29/10 16:00,4.37
11/1/10 16:00,4.28
11/2/10 16:00,4.25
11/3/10 16:00,4.35
11/4/10 16:00,4.98
11/5/10 16:00,4.89
11/8/10 16:00,5
11/9/10 16:00,4.93
11/10/10 16:00,5.87
11/11/10 16:00,5.61
11/12/10 16:00,5.97
11/15/10 16:00,6.16
11/16/10 16:00,5.93
11/17/10 16:00,5.9
11/18/10 16:00,5.98
11/19/10 16:00,6.2
11/22/10 16:00,6.68
11/23/10 16:00,6.91
11/24/10 16:00,7.09
11/26/10 16:00,7.06
11/29/10 16:00,6.87
11/30/10 16:00,7.07
12/1/10 16:00,6.87
12/2/10 16:00,6.47
12/3/10 16:00,6.3
12/6/10 16:00,6.06
12/7/10 16:00,6.31
12/8/10 16:00,6.47
12/9/10 16:00,6.41
12/10/10 16:00,6.3
12/13/10 16:00,6.11
12/14/10 16:00,5.71
12/15/10 16:00,5.92
12/16/10 16:00,6.16
12/17/10 16:00,6.27
12/20/10 16:00,6.34
12/21/10 16:00,6.45
12/22/10 16:00,6.53
12/23/10 16:00,6.02
12/27/10 16:00,5.11
12/28/10 16:00,5.28
12/29/10 16:00,5.55
12/30/10 16:00,5.3
12/31/10 16:00,5.33
1/3/11 16:00,5.32
1/4/11 16:00,5.33
1/5/11 16:00,5.37
1/6/11 16:00,5.58
1/7/11 16:00,5.65
1/10/11 16:00,5.69
1/11/11 16:00,5.39
1/12/11 16:00,5.39
1/13/11 16:00,5.24
1/14/11 16:00,5.15
1/18/11 16:00,5.13
1/19/11 16:00,4.81
1/20/11 16:00,4.52
1/21/11 16:00,4.61
1/24/11 16:00,4.9
1/25/11 16:00,4.94
1/26/11 16:00,4.95
1/27/11 16:00,4.98
1/28/11 16:00,4.8
1/31/11 16:00,4.82
2/1/11 16:00,4.78
2/2/11 16:00,4.79
2/3/11 16:00,4.73
2/4/11 16:00,4.69
2/7/11 16:00,4.61
2/8/11 16:00,4.9
2/9/11 16:00,4.64
2/10/11 16:00,4.64
2/11/11 16:00,4.65
2/14/11 16:00,4.62
2/15/11 16:00,4.57
2/16/11 16:00,4.95
2/17/11 16:00,4.72
2/18/11 16:00,4.64
2/22/11 16:00,4.37
2/23/11 16:00,4.37
2/24/11 16:00,4.51
2/25/11 16:00,4.72
2/28/11 16:00,4.78
3/1/11 16:00,4.79
3/2/11 16:00,4.8
3/3/11 16:00,4.87
3/4/11 16:00,4.99
3/7/11 16:00,4.99
3/8/11 16:00,4.93
3/9/11 16:00,4.94
3/10/11 16:00,4.8
3/11/11 16:00,4.81
3/14/11 16:00,4.65
3/15/11 16:00,4.59
3/16/11 16:00,4.56
3/17/11 16:00,4.56
3/18/11 16:00,4.59
3/21/11 16:00,4.55
3/22/11 16:00,4.44
3/23/11 16:00,4.44
3/24/11 16:00,4.47
3/25/11 16:00,4.55
3/28/11 16:00,4.65
3/29/11 16:00,4.78
3/30/11 16:00,4.74
3/31/11 16:00,5.55
4/1/11 16:00,5.33
4/4/11 16:00,5.17
4/5/11 16:00,5.34
4/6/11 16:00,5.3
4/7/11 16:00,5.45
4/8/11 16:00,5.3
4/11/11 16:00,5.05
4/12/11 16:00,4.93
4/13/11 16:00,4.99
4/14/11 16:00,5.03
4/15/11 16:00,5.12
4/18/11 16:00,5.01
4/19/11 16:00,5.03
4/20/11 16:00,5.15
4/21/11 16:00,5.35
4/25/11 16:00,5.28
4/26/11 16:00,5.39
4/27/11 16:00,5.42
4/28/11 16:00,5.53
4/29/11 16:00,5.52
5/2/11 16:00,5.49
5/3/11 16:00,5.37
5/4/11 16:00,5.34
5/5/11 16:00,5.29
5/6/11 16:00,5.42
5/9/11 16:00,5.58
5/10/11 16:00,5.67
5/11/11 16:00,5.41
5/12/11 16:00,5.53
5/13/11 16:00,5.51
5/16/11 16:00,5.32
5/17/11 16:00,5.19
5/18/11 16:00,5.27
5/19/11 16:00,5.64
5/20/11 16:00,5.59
5/23/11 16:00,5.36
5/24/11 16:00,5.34
5/25/11 16:00,5.8
5/26/11 16:00,5.9
5/27/11 16:00,5.91
5/31/11 16:00,6.03
6/1/11 16:00,5.7
6/2/11 16:00,5.75
6/3/11 16:00,6.03
6/6/11 16:00,5.74
6/7/11 16:00,5.67
6/8/11 16:00,5.42
6/9/11 16:00,5.52
6/10/11 16:00,5.57
6/13/11 16:00,5.69
6/14/11 16:00,5.72
6/15/11 16:00,5.46
6/16/11 16:00,5.3
6/17/11 16:00,5.3
6/20/11 16:00,5.2
6/21/11 16:00,5.51
6/22/11 16:00,5.44
6/23/11 16:00,5.54
6/24/11 16:00,5.51
6/27/11 16:00,5.49
6/28/11 16:00,5.62
6/29/11 16:00,5.66
6/30/11 16:00,5.83
7/1/11 16:00,5.8
7/5/11 16:00,5.83
7/6/11 16:00,5.79
7/7/11 16:00,5.95
7/8/11 16:00,5.76
7/11/11 16:00,5.67
7/12/11 16:00,5.63
7/13/11 16:00,5.73
7/14/11 16:00,5.52
7/15/11 16:00,5.52
7/18/11 16:00,5.45
7/19/11 16:00,5.58
7/20/11 16:00,5.74
7/21/11 16:00,5.74
7/22/11 16:00,5.86
7/25/11 16:00,5.7
7/26/11 16:00,5.6
7/27/11 16:00,5.53
7/28/11 16:00,5.63
7/29/11 16:00,5.63
8/1/11 16:00,5.75
8/2/11 16:00,5.47
8/3/11 16:00,5.44
8/4/11 16:00,4.95
8/5/11 16:00,4.85
8/8/11 16:00,4.73
8/9/11 16:00,5.01
8/10/11 16:00,4.76
8/11/11 16:00,5.06
8/12/11 16:00,5.26
8/15/11 16:00,5.25
8/16/11 16:00,5.22
8/17/11 16:00,5.17
8/18/11 16:00,4.85
8/19/11 16:00,4.46
8/22/11 16:00,4.39
8/23/11 16:00,4.59
8/24/11 16:00,4.77
8/25/11 16:00,4.62
8/26/11 16:00,4.75
8/29/11 16:00,4.94
8/30/11 16:00,4.93
8/31/11 16:00,4.95
9/1/11 16:00,4.8
9/2/11 16:00,4.61
9/6/11 16:00,4.59
9/7/11 16:00,4.77
9/8/11 16:00,4.72
9/9/11 16:00,4.59
9/12/11 16:00,4.58
9/13/11 16:00,4.82
9/14/11 16:00,4.87
9/15/11 16:00,4.96
9/16/11 16:00,5.16
9/19/11 16:00,5.15
9/20/11 16:00,5.2
9/21/11 16:00,5.17
9/22/11 16:00,5.13
9/23/11 16:00,5.28
9/26/11 16:00,5.1
9/27/11 16:00,5.24
9/28/11 16:00,4.92
9/29/11 16:00,4.82
9/30/11 16:00,4.88
10/3/11 16:00,4.75
10/4/11 16:00,4.73
10/5/11 16:00,5.07
10/6/11 16:00,5.39
10/7/11 16:00,5.4
10/10/11 16:00,5.58
10/11/11 16:00,5.52
10/12/11 16:00,5.56
10/13/11 16:00,5.59
10/14/11 16:00,5.61
10/17/11 16:00,5.48
10/18/11 16:00,5.67
10/19/11 16:00,5.51
10/20/11 16:00,5.47
10/21/11 16:00,5.61
10/24/11 16:00,5.71
10/25/11 16:00,5.65
10/26/11 16:00,5.6
10/27/11 16:00,5.75
10/28/11 16:00,5.97
10/31/11 16:00,5.87
11/1/11 16:00,5.78
11/2/11 16:00,5.74
11/3/11 16:00,6.49
11/4/11 16:00,6.46
11/7/11 16:00,6.25
11/8/11 16:00,6.37
11/9/11 16:00,6.18
11/10/11 16:00,6.27
11/11/11 16:00,6.73
11/14/11 16:00,6.64
11/15/11 16:00,6.79
11/16/11 16:00,6.99
11/17/11 16:00,6.74
11/18/11 16:00,6.52
11/21/11 16:00,6.35
11/22/11 16:00,6.41
11/23/11 16:00,6.29
11/25/11 16:00,6.33
11/28/11 16:00,6.51
11/29/11 16:00,6.35
11/30/11 16:00,6.55
12/1/11 16:00,6.52
12/2/11 16:00,6.66
12/5/11 16:00,6.88
12/6/11 16:00,6.97
12/7/11 16:00,6.84
12/8/11 16:00,6.18
12/9/11 16:00,6.21
12/12/11 16:00,6.08
12/13/11 16:00,5.89
12/14/11 16:00,5.71
12/15/11 16:00,5.72
12/16/11 16:00,5.6
12/19/11 16:00,5.55
12/20/11 16:00,5.58
12/21/11 16:00,5.51
12/22/11 16:00,5.55
12/23/11 16:00,5.58
12/27/11 16:00,5.71
12/28/11 16:00,5.7
12/29/11 16:00,5.75
12/30/11 16:00,5.71
1/3/12 16:00,5.62
1/4/12 16:00,5.54
1/5/12 16:00,5.42
1/6/12 16:00,5.38
1/9/12 16:00,5.45
1/10/12 16:00,5.52
1/11/12 16:00,5.65
1/12/12 16:00,5.65
1/13/12 16:00,4.56
1/17/12 16:00,5.32
1/18/12 16:00,5.36
1/19/12 16:00,5.35
1/20/12 16:00,5.32
1/23/12 16:00,5.35
1/24/12 16:00,5.48
1/25/12 16:00,5.59
1/26/12 16:00,5.79
1/27/12 16:00,5.87
1/30/12 16:00,5.91
1/31/12 16:00,5.81
2/1/12 16:00,5.92
2/2/12 16:00,6.05
2/3/12 16:00,6.23
2/6/12 16:00,6.36
2/7/12 16:00,6.32
2/8/12 16:00,6.39
2/9/12 16:00,6.52
2/10/12 16:00,6.22
2/13/12 16:00,6.3
2/14/12 16:00,6.63
2/15/12 16:00,6.72
2/16/12 16:00,6.84
2/17/12 16:00,6.99
2/21/12 16:00,6.9
2/22/12 16:00,6.84
2/23/12 16:00,6.91
2/24/12 16:00,6.75
2/27/12 16:00,6.72
2/28/12 16:00,6.76
2/29/12 16:00,6.68
3/1/12 16:00,6.88
3/2/12 16:00,6.81
3/5/12 16:00,6.75
3/6/12 16:00,6.62
3/7/12 16:00,6.62
3/8/12 16:00,6.61
3/9/12 16:00,6.95
3/12/12 16:00,7.2
3/13/12 16:00,7.22
3/14/12 16:00,7.06
3/15/12 16:00,7
3/16/12 16:00,7.06
3/19/12 16:00,7
3/20/12 16:00,6.99
3/21/12 16:00,7.03
3/22/12 16:00,6.88
3/23/12 16:00,6.82
3/26/12 16:00,7.48
3/27/12 16:00,7.59
3/28/12 16:00,7.57
3/29/12 16:00,7.47
3/30/12 16:00,7.45
4/2/12 16:00,7.32
4/3/12 16:00,7.6
4/4/12 16:00,7
4/5/12 16:00,6.9
4/9/12 16:00,6.63
4/10/12 16:00,6.49
4/11/12 16:00,6.62
4/12/12 16:00,6.69
4/13/12 16:00,6.72
4/16/12 16:00,6.45
4/17/12 16:00,6.45
4/18/12 16:00,6.53
4/19/12 16:00,6.63
4/20/12 16:00,6.63
4/23/12 16:00,6.39
4/24/12 16:00,6.36
4/25/12 16:00,6.58
4/26/12 16:00,6.7
4/27/12 16:00,6.67
4/30/12 16:00,6.63
5/1/12 16:00,6.76
5/2/12 16:00,6.79
5/3/12 16:00,6.49
5/4/12 16:00,6.37
5/7/12 16:00,6.49
5/8/12 16:00,6.04
5/9/12 16:00,6.01
5/10/12 16:00,6.59
5/11/12 16:00,6.45
5/14/12 16:00,6.01
5/15/12 16:00,5.89
5/16/12 16:00,5.84
5/17/12 16:00,5.71
5/18/12 16:00,5.51
5/21/12 16:00,5.75
5/22/12 16:00,6.16
5/23/12 16:00,6.2
5/24/12 16:00,6.06
5/25/12 16:00,5.96
5/29/12 16:00,6.34
5/30/12 16:00,6.08
5/31/12 16:00,5.9
6/1/12 16:00,5.63
6/4/12 16:00,5.58
6/5/12 16:00,5.58
6/6/12 16:00,5.84
6/7/12 16:00,5.79
6/8/12 16:00,6.02
6/11/12 16:00,5.82
6/12/12 16:00,5.93
6/13/12 16:00,5.95
6/14/12 16:00,5.88
6/15/12 16:00,5.98
6/18/12 16:00,6.37
6/19/12 16:00,6.42
6/20/12 16:00,6.76
6/21/12 16:00,6.44
6/22/12 16:00,6.76
6/25/12 16:00,6.62
6/26/12 16:00,6.32
6/27/12 16:00,6.39
6/28/12 16:00,6.28
6/29/12 16:00,6.26
7/2/12 16:00,6.08
7/3/12 16:00,6.13
7/5/12 16:00,6.25
7/6/12 16:00,6.2
7/9/12 16:00,6.3
7/10/12 16:00,6.25
7/11/12 16:00,6.3
7/12/12 16:00,6.54
7/13/12 16:00,6.85
7/16/12 16:00,7.19
7/17/12 16:00,6.67
7/18/12 16:00,6.43
7/19/12 16:00,6.45
7/20/12 16:00,6.36
7/23/12 16:00,6.13
7/24/12 16:00,5.97
7/25/12 16:00,5.79
7/26/12 16:00,5.63
7/27/12 16:00,5.9
7/30/12 16:00,5.47
7/31/12 16:00,5.48
8/1/12 16:00,5.25
8/2/12 16:00,5.22
8/3/12 16:00,5.45
8/6/12 16:00,5.65
8/7/12 16:00,6.05
8/8/12 16:00,5.82
8/9/12 16:00,5.88
8/10/12 16:00,5.99
8/13/12 16:00,6.23
8/14/12 16:00,5.88
8/15/12 16:00,5.88
8/16/12 16:00,6.06
8/17/12 16:00,6
8/20/12 16:00,5.9
8/21/12 16:00,5.82
8/22/12 16:00,5.99
8/23/12 16:00,6.15
8/24/12 16:00,5.9
8/27/12 16:00,5.66
8/28/12 16:00,5.74
8/29/12 16:00,5.68
8/30/12 16:00,5.68
8/31/12 16:00,5.7
9/4/12 16:00,5.63
9/5/12 16:00,5.59
9/6/12 16:00,5.71
9/7/12 16:00,5.87
9/10/12 16:00,5.47
9/11/12 16:00,5.56
9/12/12 16:00,5.66
9/13/12 16:00,5.9
9/14/12 16:00,6.08
9/17/12 16:00,6.51
9/18/12 16:00,6.27
9/19/12 16:00,6.21
9/20/12 16:00,6.18
9/21/12 16:00,6
9/24/12 16:00,6.13
9/25/12 16:00,5.53
9/26/12 16:00,5.51
9/27/12 16:00,5.7
9/28/12 16:00,5.86
10/1/12 16:00,5.83
10/2/12 16:00,5.96
10/3/12 16:00,5.86
10/4/12 16:00,5.88
10/5/12 16:00,5.78
10/8/12 16:00,5.85
10/9/12 16:00,5.67
10/10/12 16:00,5.68
10/11/12 16:00,5.66
10/12/12 16:00,5.53
10/15/12 16:00,5.47
10/16/12 16:00,5.61
10/17/12 16:00,5.76
10/18/12 16:00,5.61
10/19/12 16:00,5.55
10/22/12 16:00,5.57
10/23/12 16:00,5.68
10/24/12 16:00,5.48
10/25/12 16:00,5.5
10/26/12 16:00,5.48
10/31/12 16:00,5.63
11/1/12 16:00,5.85
11/2/12 16:00,5.78
11/5/12 16:00,6.3
11/6/12 16:00,6.23
11/7/12 16:00,6.31
11/8/12 16:00,6.26
11/9/12 16:00,6.06
11/12/12 16:00,6.21
11/13/12 16:00,6.32
11/14/12 16:00,6.28
11/15/12 16:00,6.16
11/16/12 16:00,6.37
11/19/12 16:00,6.58
11/20/12 16:00,6.6
11/21/12 16:00,6.49
11/23/12 16:00,6.43
11/26/12 16:00,6.45
11/27/12 16:00,6.43
11/28/12 16:00,6.65
11/29/12 16:00,6.74
11/30/12 16:00,6.76
12/3/12 16:00,6.92
12/4/12 16:00,6.78
12/5/12 16:00,6.74
12/6/12 16:00,6.78
12/7/12 16:00,6.83
12/10/12 16:00,6.91
12/11/12 16:00,7.06
12/12/12 16:00,7.05
12/13/12 16:00,6.72
12/14/12 16:00,6.76
12/17/12 16:00,6.88
12/18/12 16:00,6.92
12/19/12 16:00,6.92
12/20/12 16:00,6.89
12/21/12 16:00,6.8
12/24/12 16:00,6.86
12/26/12 16:00,6.72
12/27/12 16:00,6.74
12/28/12 16:00,6.64
12/31/12 16:00,6.77
1/2/13 16:00,7.07
1/3/13 16:00,6.95
1/4/13 16:00,6.88
1/7/13 16:00,6.87
1/8/13 16:00,6.74
1/9/13 16:00,6.73
1/10/13 16:00,6.71
1/11/13 16:00,6.58
1/14/13 16:00,6.65
1/15/13 16:00,6.78
1/16/13 16:00,6.82
1/17/13 16:00,6.88
1/18/13 16:00,6.9
1/22/13 16:00,7.04
1/23/13 16:00,7.2
1/24/13 16:00,7.4
1/25/13 16:00,7.4
1/28/13 16:00,7.61
1/29/13 16:00,7.59
1/30/13 16:00,7.5
1/31/13 16:00,7.5
2/1/13 16:00,7.66
2/4/13 16:00,7.55
2/5/13 16:00,7.63
2/6/13 16:00,7.83
2/7/13 16:00,7.9
2/8/13 16:00,7.85
2/11/13 16:00,7.68
2/12/13 16:00,7.58
2/13/13 16:00,7.69
2/14/13 16:00,7.66
2/15/13 16:00,7.41
2/19/13 16:00,7.86
2/20/13 16:00,7.71
2/21/13 16:00,7.03
2/22/13 16:00,7.22
2/25/13 16:00,6.88
2/26/13 16:00,6.89
2/27/13 16:00,7.02
2/28/13 16:00,6.97
3/1/13 16:00,6.93
3/4/13 16:00,7.12
3/5/13 16:00,7.33
3/6/13 16:00,7.54
3/7/13 16:00,7.65
3/8/13 16:00,7.69
3/11/13 16:00,7.82
3/12/13 16:00,7.82
3/13/13 16:00,7.8
3/14/13 16:00,7.37
3/15/13 16:00,7.06
3/18/13 16:00,7.03
3/19/13 16:00,7.02
3/20/13 16:00,7.19
3/21/13 16:00,7.2
3/22/13 16:00,7.32
3/25/13 16:00,7.51
3/26/13 16:00,7.57
3/27/13 16:00,7.63
3/28/13 16:00,7.58
4/1/13 16:00,8.79
4/2/13 16:00,8.87
4/3/13 16:00,8.22
4/4/13 16:00,8.4
4/5/13 16:00,8.27
4/8/13 16:00,8.37
4/9/13 16:00,8.1
4/10/13 16:00,8.37
4/11/13 16:00,8.72
4/12/13 16:00,8.75
4/15/13 16:00,8.66
4/16/13 16:00,9.12
4/17/13 16:00,9.09
4/18/13 16:00,9.39
4/19/13 16:00,9.57
4/22/13 16:00,10.04
4/23/13 16:00,10.2
4/24/13 16:00,10.09
4/25/13 16:00,10.4
4/26/13 16:00,10.24
4/29/13 16:00,10.99
4/30/13 16:00,10.8
5/1/13 16:00,10.66
5/2/13 16:00,10.82
5/3/13 16:00,10.91
5/6/13 16:00,11.9
5/7/13 16:00,11.1
5/8/13 16:00,11.16
5/9/13 16:00,13.88
5/10/13 16:00,15.35
5/13/13 16:00,17.56
5/14/13 16:00,16.65
5/15/13 16:00,16.97
5/16/13 16:00,18.45
5/17/13 16:00,18.3
5/20/13 16:00,17.99
5/21/13 16:00,17.52
5/22/13 16:00,17.45
5/23/13 16:00,18.55
5/24/13 16:00,19.42
5/28/13 16:00,22.07
5/29/13 16:00,20.93
5/30/13 16:00,20.99
5/31/13 16:00,19.55
6/3/13 16:00,18.52
6/4/13 16:00,18.97
6/5/13 16:00,19.07
6/6/13 16:00,19.47
6/7/13 16:00,20.41
6/10/13 16:00,20.01
6/11/13 16:00,18.89
6/12/13 16:00,19.55
6/13/13 16:00,19.64
6/14/13 16:00,20.06
6/17/13 16:00,20.44
6/18/13 16:00,20.68
6/19/13 16:00,20.94
6/20/13 16:00,20.13
6/21/13 16:00,19.91
6/24/13 16:00,20.3
6/25/13 16:00,20.48
6/26/13 16:00,21.14
6/27/13 16:00,21.85
6/28/13 16:00,21.47
7/1/13 16:00,23.44
7/2/13 16:00,23.56
7/3/13 16:00,23.05
7/5/13 16:00,24.02
7/8/13 16:00,24.32
7/9/13 16:00,24.69
7/10/13 16:00,24.45
7/11/13 16:00,25.12
7/12/13 16:00,25.98
7/15/13 16:00,25.45
7/16/13 16:00,21.81
7/17/13 16:00,24.05
7/18/13 16:00,23.81
7/19/13 16:00,23.94
7/22/13 16:00,24.49
7/23/13 16:00,24.55
7/24/13 16:00,24.34
7/25/13 16:00,24.81
7/26/13 16:00,25.88
7/29/13 16:00,26.92
7/30/13 16:00,26.35
7/31/13 16:00,26.86
8/1/13 16:00,27.11
8/2/13 16:00,27.6
8/5/13 16:00,28.94
8/6/13 16:00,28.43
8/7/13 16:00,26.85
8/8/13 16:00,30.7
8/9/13 16:00,30.6
8/12/13 16:00,29.48
8/13/13 16:00,29.09
8/14/13 16:00,27.87
8/15/13 16:00,27.93
8/16/13 16:00,28.4
8/19/13 16:00,28.98
8/20/13 16:00,29.92
8/21/13 16:00,29.57
8/22/13 16:00,31.42
8/23/13 16:00,32.37
8/26/13 16:00,32.84
8/27/13 16:00,33.4
8/28/13 16:00,33.29
8/29/13 16:00,33.21
8/30/13 16:00,33.8
9/3/13 16:00,33.79
9/4/13 16:00,34.12
9/5/13 16:00,33.99
9/6/13 16:00,33.39
9/9/13 16:00,32.14
9/10/13 16:00,33.27
9/11/13 16:00,32.7
9/12/13 16:00,32.99
9/13/13 16:00,33.11
9/16/13 16:00,33.32
9/17/13 16:00,33.25
9/18/13 16:00,33.24
9/19/13 16:00,35.58
9/20/13 16:00,36.68
9/23/13 16:00,36.22
9/24/13 16:00,36.47
9/25/13 16:00,37.05
9/26/13 16:00,37.73
9/27/13 16:00,38.18
9/30/13 16:00,38.67
10/1/13 16:00,38.6
10/2/13 16:00,36.19
10/3/13 16:00,34.66
10/4/13 16:00,36.2
10/7/13 16:00,36.61
10/8/13 16:00,34.95
10/9/13 16:00,33.76
10/10/13 16:00,34.59
10/11/13 16:00,35.74
10/14/13 16:00,35.94
10/15/13 16:00,36.79
10/16/13 16:00,36.71
10/17/13 16:00,36.56
10/18/13 16:00,36.68
10/21/13 16:00,34.52
10/22/13 16:00,34.31
10/23/13 16:00,32.9
10/24/13 16:00,34.63
10/25/13 16:00,33.93
10/28/13 16:00,32.57
10/29/13 16:00,32.89
10/30/13 16:00,31.84
10/31/13 16:00,31.99
11/1/13 16:00,32.43
11/4/13 16:00,35.04
11/5/13 16:00,35.36
11/6/13 16:00,30.23
11/7/13 16:00,27.95
11/8/13 16:00,27.59
11/11/13 16:00,28.94
11/12/13 16:00,27.56
11/13/13 16:00,27.74
11/14/13 16:00,27.52
11/15/13 16:00,27.09
11/18/13 16:00,24.32
11/19/13 16:00,25.22
11/20/13 16:00,24.22
11/21/13 16:00,24.42
11/22/13 16:00,24.28
11/25/13 16:00,24.17
11/26/13 16:00,24.1
11/27/13 16:00,25.39
11/29/13 16:00,25.46
12/2/13 16:00,24.83
12/3/13 16:00,28.94
12/4/13 16:00,27.79
12/5/13 16:00,28.1
12/6/13 16:00,27.47
12/9/13 16:00,28.32
12/10/13 16:00,28.44
12/11/13 16:00,27.93
12/12/13 16:00,29.49
12/13/13 16:00,29.53
12/16/13 16:00,29.59
12/17/13 16:00,30.49
12/18/13 16:00,29.6
12/19/13 16:00,28.14
12/20/13 16:00,28.65
12/23/13 16:00,28.71
12/24/13 16:00,30.28
12/26/13 16:00,31.1
12/27/13 16:00,30.22
12/30/13 16:00,30.49
12/31/13 16:00,30.09
1/2/14 16:00,30.02
1/3/14 16:00,29.91
1/6/14 16:00,29.4
1/7/14 16:00,29.87
1/8/14 16:00,30.26
1/9/14 16:00,29.51
1/10/14 16:00,29.14
1/13/14 16:00,27.87
1/14/14 16:00,32.25
1/15/14 16:00,32.83
1/16/14 16:00,34.19
1/17/14 16:00,34
1/21/14 16:00,35.34
1/22/14 16:00,35.71
1/23/14 16:00,36.3
1/24/14 16:00,34.92
1/27/14 16:00,33.92
1/28/14 16:00,35.68
1/29/14 16:00,35.05
1/30/14 16:00,36.57
1/31/14 16:00,36.28
2/3/14 16:00,35.42
2/4/14 16:00,35.75
2/5/14 16:00,34.88
2/6/14 16:00,35.68
2/7/14 16:00,37.31
2/10/14 16:00,39.31
2/11/14 16:00,39.32
2/12/14 16:00,39.06
2/13/14 16:00,39.93
2/14/14 16:00,39.65
2/18/14 16:00,40.74
2/19/14 16:00,38.73
2/20/14 16:00,41.99
2/21/14 16:00,41.92
2/24/14 16:00,43.53
2/25/14 16:00,49.6
2/26/14 16:00,50.6
2/27/14 16:00,50.51
2/28/14 16:00,48.96
3/3/14 16:00,50.11
3/4/14 16:00,50.97
3/5/14 16:00,50.53
3/6/14 16:00,50.59
3/7/14 16:00,49.24
3/10/14 16:00,47.77
3/11/14 16:00,46.88
3/12/14 16:00,48.3
3/13/14 16:00,47.56
3/14/14 16:00,46.19
3/17/14 16:00,46.8
3/18/14 16:00,48.01
3/19/14 16:00,47.17
3/20/14 16:00,46.98
3/21/14 16:00,45.78
3/24/14 16:00,44.03
3/25/14 16:00,44.09
3/26/14 16:00,42.59
3/27/14 16:00,41.46
3/28/14 16:00,42.47
3/31/14 16:00,41.69
4/1/14 16:00,43.39
4/2/14 16:00,46.06
4/3/14 16:00,45.08
4/4/14 16:00,42.45
4/7/14 16:00,41.5
4/8/14 16:00,43.09
4/9/14 16:00,43.39
4/10/14 16:00,40.84
4/11/14 16:00,40.76
4/14/14 16:00,39.62
4/15/14 16:00,38.78
4/16/14 16:00,39.82
4/17/14 16:00,39.62
4/21/14 16:00,40.88
4/22/14 16:00,43.73
4/23/14 16:00,41.6
4/24/14 16:00,41.57
4/25/14 16:00,39.97
4/28/14 16:00,39.7
4/29/14 16:00,41.38
4/30/14 16:00,41.58
5/1/14 16:00,41.55
5/2/14 16:00,42.18
5/5/14 16:00,43.32
5/6/14 16:00,41.46
5/7/14 16:00,40.27
5/8/14 16:00,35.72
5/9/14 16:00,36.45
5/12/14 16:00,36.93
5/13/14 16:00,38.03
5/14/14 16:00,38.12
5/15/14 16:00,37.72
5/16/14 16:00,38.31
5/19/14 16:00,39.22
5/20/14 16:00,39.06
5/21/14 16:00,39.89
5/22/14 16:00,40.98
5/23/14 16:00,41.46
5/27/14 16:00,42.31
5/28/14 16:00,42.05
5/29/14 16:00,42.05
5/30/14 16:00,41.55
6/2/14 16:00,40.94
6/3/14 16:00,40.99
6/4/14 16:00,40.8
6/5/14 16:00,41.38
6/6/14 16:00,41.63
6/9/14 16:00,41.06
6/10/14 16:00,40.46
6/11/14 16:00,40.89
6/12/14 16:00,40.7
6/13/14 16:00,41.28
6/16/14 16:00,44.92
6/17/14 16:00,46.33
6/18/14 16:00,45.42
6/19/14 16:00,45.56
6/20/14 16:00,45.92
6/23/14 16:00,47.44
6/24/14 16:00,46.5
6/25/14 16:00,47.38
6/26/14 16:00,47.12
6/27/14 16:00,47.81
6/30/14 16:00,48.01
7/1/14 16:00,47.94
7/2/14 16:00,45.89
7/3/14 16:00,45.85
7/7/14 16:00,44.53
7/8/14 16:00,43.81
7/9/14 16:00,44.61
7/10/14 16:00,43.89
7/11/14 16:00,43.63
7/14/14 16:00,45.34
7/15/14 16:00,43.92
7/16/14 16:00,43.43
7/17/14 16:00,43.08
7/18/14 16:00,44
7/21/14 16:00,44.11
7/22/14 16:00,43.92
7/23/14 16:00,44.5
7/24/14 16:00,44.71
7/25/14 16:00,44.71
7/28/14 16:00,44.96
7/29/14 16:00,45
7/30/14 16:00,45.78
7/31/14 16:00,44.66
8/1/14 16:00,46.65
8/4/14 16:00,47.7
8/5/14 16:00,47.7
8/6/14 16:00,49.79
8/7/14 16:00,50.48
8/8/14 16:00,49.63
8/11/14 16:00,51.86
8/12/14 16:00,51.99
8/13/14 16:00,52.06
8/14/14 16:00,52.28
8/15/14 16:00,52.4
8/18/14 16:00,51.99
8/19/14 16:00,51.35
8/20/14 16:00,51.14
8/21/14 16:00,50.87
8/22/14 16:00,51.36
8/25/14 16:00,52.51
8/26/14 16:00,52.35
8/27/14 16:00,52.65
8/28/14 16:00,52.77
8/29/14 16:00,53.94
9/2/14 16:00,56.82
9/3/14 16:00,56.24
9/4/14 16:00,57.21
9/5/14 16:00,55.48
9/8/14 16:00,56.42
9/9/14 16:00,55.7
9/10/14 16:00,56.22
9/11/14 16:00,56.06
9/12/14 16:00,55.84
9/15/14 16:00,50.77
9/16/14 16:00,52.15
9/17/14 16:00,52.28
9/18/14 16:00,52.76
9/19/14 16:00,51.86
9/22/14 16:00,50.01
9/23/14 16:00,50.08
9/24/14 16:00,50.43
9/25/14 16:00,49.39
9/26/14 16:00,49.32
9/29/14 16:00,49.05
9/30/14 16:00,48.54
10/1/14 16:00,48.05
10/2/14 16:00,50.28
10/3/14 16:00,51.04
10/6/14 16:00,52.12
10/7/14 16:00,51.91
10/8/14 16:00,51.86
10/9/14 16:00,51.4
10/10/14 16:00,47.38
10/13/14 16:00,44.92
10/14/14 16:00,45.41
10/15/14 16:00,45.94
10/16/14 16:00,45.27
10/17/14 16:00,45.5
10/20/14 16:00,46.09
10/21/14 16:00,47.07
10/22/14 16:00,46.22
10/23/14 16:00,47.06
10/24/14 16:00,47.05
10/27/14 16:00,44.33
10/28/14 16:00,48.55
10/29/14 16:00,47.62
10/30/14 16:00,47.73
10/31/14 16:00,48.34
11/3/14 16:00,48.52
11/4/14 16:00,47.79
11/5/14 16:00,46.19
11/6/14 16:00,48.24
11/7/14 16:00,48.04
11/10/14 16:00,48.39
11/11/14 16:00,50.22
11/12/14 16:00,49.82
11/13/14 16:00,50.34
11/14/14 16:00,51.74
11/17/14 16:00,50.8
11/18/14 16:00,51.54
11/19/14 16:00,49.55
11/20/14 16:00,49.74
11/21/14 16:00,48.56
11/24/14 16:00,49.34
11/25/14 16:00,49.62
11/26/14 16:00,49.69
11/28/14 16:00,48.9
12/1/14 16:00,46.33
12/2/14 16:00,46.29
12/3/14 16:00,45.86
12/4/14 16:00,45.66
12/5/14 16:00,44.74
12/8/14 16:00,42.87
12/9/14 16:00,43.38
12/10/14 16:00,41.97
12/11/14 16:00,41.78
12/12/14 16:00,41.4
12/15/14 16:00,40.81
12/16/14 16:00,39.56
12/17/14 16:00,41.16
12/18/14 16:00,43.65
12/19/14 16:00,43.86
12/22/14 16:00,44.52
12/23/14 16:00,44.19
12/24/14 16:00,44.45
12/26/14 16:00,45.56
12/29/14 16:00,45.14
12/30/14 16:00,44.45
12/31/14 16:00,44.48
1/2/15 16:00,43.86
1/5/15 16:00,42.02
1/6/15 16:00,42.26
1/7/15 16:00,42.19
1/8/15 16:00,42.12
1/9/15 16:00,41.33
1/12/15 16:00,40.44
1/13/15 16:00,40.85
1/14/15 16:00,38.54
1/15/15 16:00,38.37
1/16/15 16:00,38.61
1/20/15 16:00,38.39
1/21/15 16:00,39.31
1/22/15 16:00,40.32
1/23/15 16:00,40.26
1/26/15 16:00,41.31
1/27/15 16:00,41.2
1/28/15 16:00,39.87
1/29/15 16:00,41.04
1/30/15 16:00,40.72
2/2/15 16:00,42.19
2/3/15 16:00,43.67
2/4/15 16:00,43.71
2/5/15 16:00,44.2
2/6/15 16:00,43.47
2/9/15 16:00,43.5
2/10/15 16:00,43.26
2/11/15 16:00,42.56
2/12/15 16:00,40.58
2/13/15 16:00,40.75
2/17/15 16:00,40.87
2/18/15 16:00,40.89
2/19/15 16:00,42.34
2/20/15 16:00,43.42
2/23/15 16:00,41.47
2/24/15 16:00,40.82
2/25/15 16:00,40.75
2/26/15 16:00,41.44
2/27/15 16:00,40.67
3/2/15 16:00,39.47
3/3/15 16:00,39.91
3/4/15 16:00,40.49
3/5/15 16:00,40.13
3/6/15 16:00,38.78
3/9/15 16:00,38.18
3/10/15 16:00,38.06
3/11/15 16:00,38.75
3/12/15 16:00,38.21
3/13/15 16:00,37.74
3/16/15 16:00,39.14
3/17/15 16:00,38.95
3/18/15 16:00,40.14
3/19/15 16:00,39.13
3/20/15 16:00,39.62
3/23/15 16:00,39.93
3/24/15 16:00,40.34
3/25/15 16:00,38.86
3/26/15 16:00,38.08
3/27/15 16:00,37
3/30/15 16:00,38.11
3/31/15 16:00,37.75
4/1/15 16:00,37.52
4/2/15 16:00,38.2
4/6/15 16:00,40.62
4/7/15 16:00,40.65
4/8/15 16:00,41.53
4/9/15 16:00,42.02
4/10/15 16:00,42.18
4/13/15 16:00,41.96
4/14/15 16:00,41.49
4/15/15 16:00,41.57
4/16/15 16:00,41.34
4/17/15 16:00,41.36
4/20/15 16:00,41.05
4/21/15 16:00,41.88
4/22/15 16:00,43.89
4/23/15 16:00,43.72
4/24/15 16:00,43.69
4/27/15 16:00,46.31
4/28/15 16:00,46.1
4/29/15 16:00,46.49
4/30/15 16:00,45.21
5/1/15 16:00,45.21
5/4/15 16:00,46.1
5/5/15 16:00,46.59
5/6/15 16:00,46.09
5/7/15 16:00,47.36
5/8/15 16:00,47.32
5/11/15 16:00,47.9
5/12/15 16:00,48.95
5/13/15 16:00,48.64
5/14/15 16:00,48.82
5/15/15 16:00,49.77
5/18/15 16:00,49.75
5/19/15 16:00,49.43
5/20/15 16:00,48.87
5/21/15 16:00,49.12
5/22/15 16:00,49.55
5/26/15 16:00,49.49
5/27/15 16:00,49.49
5/28/15 16:00,50.29
5/29/15 16:00,50.16
6/1/15 16:00,49.89
6/2/15 16:00,49.67
6/3/15 16:00,49.8
6/4/15 16:00,49.18
6/5/15 16:00,49.83
6/8/15 16:00,51.26
6/9/15 16:00,51.2
6/10/15 16:00,50.14
6/11/15 16:00,50.28
6/12/15 16:00,50.14
6/15/15 16:00,50.08
6/16/15 16:00,50.62
6/17/15 16:00,52.08
6/18/15 16:00,52.38
6/19/15 16:00,52.5
6/22/15 16:00,51.96
6/23/15 16:00,53.53
6/24/15 16:00,53.03
6/25/15 16:00,53.76
6/26/15 16:00,53.42
6/29/15 16:00,52.4
6/30/15 16:00,53.65
7/1/15 16:00,53.83
7/2/15 16:00,56
7/6/15 16:00,55.94
7/7/15 16:00,53.58
7/8/15 16:00,50.99
7/9/15 16:00,51.58
7/10/15 16:00,51.83
7/13/15 16:00,52.43
7/14/15 16:00,53.13
7/15/15 16:00,52.63
7/16/15 16:00,53.34
7/17/15 16:00,54.93
7/20/15 16:00,56.45
7/21/15 16:00,53.35
7/22/15 16:00,53.57
7/23/15 16:00,53.44
7/24/15 16:00,53.08
7/27/15 16:00,50.6
7/28/15 16:00,52.96
7/29/15 16:00,52.76
7/30/15 16:00,53.36
7/31/15 16:00,53.23
8/3/15 16:00,52
8/4/15 16:00,53.26
8/5/15 16:00,54.03
8/6/15 16:00,49.23
8/7/15 16:00,48.5
8/10/15 16:00,48.23
8/11/15 16:00,47.47
8/12/15 16:00,47.63
8/13/15 16:00,48.5
8/14/15 16:00,48.63
8/17/15 16:00,51
8/18/15 16:00,52.14
8/19/15 16:00,51.05
8/20/15 16:00,48.44
8/21/15 16:00,46.15
8/24/15 16:00,43.77
8/25/15 16:00,44.01
8/26/15 16:00,44.97
8/27/15 16:00,48.6
8/28/15 16:00,49.7
8/31/15 16:00,49.81
9/1/15 16:00,47.73
9/2/15 16:00,49.54
9/3/15 16:00,49.11
9/4/15 16:00,48.39
9/8/15 16:00,49.63
9/9/15 16:00,49.78
9/10/15 16:00,49.7
9/11/15 16:00,50.05
9/14/15 16:00,50.64
9/15/15 16:00,50.71
9/16/15 16:00,52.45
9/17/15 16:00,52.41
9/18/15 16:00,52.12
9/21/15 16:00,52.84
9/22/15 16:00,52.19
9/23/15 16:00,52.21
9/24/15 16:00,52.62
9/25/15 16:00,51.38
9/28/15 16:00,49.69
9/29/15 16:00,49.33
9/30/15 16:00,49.68
10/1/15 16:00,47.98
10/2/15 16:00,49.51
10/5/15 16:00,49.23
10/6/15 16:00,48.29
10/7/15 16:00,46.39
10/8/15 16:00,45.34
10/9/15 16:00,44.14
10/12/15 16:00,43.12
10/13/15 16:00,43.85
10/14/15 16:00,43.38
10/15/15 16:00,44.26
10/16/15 16:00,45.4
10/19/15 16:00,45.62
10/20/15 16:00,42.61
10/21/15 16:00,42.02
10/22/15 16:00,42.34
10/23/15 16:00,41.82
10/26/15 16:00,43.05
10/27/15 16:00,42.07
10/28/15 16:00,42.59
10/29/15 16:00,42.33
10/30/15 16:00,41.39
11/2/15 16:00,42.76
11/3/15 16:00,41.67
11/4/15 16:00,46.33
11/5/15 16:00,46.35
11/6/15 16:00,46.47
11/9/15 16:00,45.07
11/10/15 16:00,43.3
11/11/15 16:00,43.82
11/12/15 16:00,42.59
11/13/15 16:00,41.44
11/16/15 16:00,42.86
11/17/15 16:00,42.8
11/18/15 16:00,44.21
11/19/15 16:00,44.36
11/20/15 16:00,44
11/23/15 16:00,43.55
11/24/15 16:00,43.65
11/25/15 16:00,45.93
11/27/15 16:00,46.32
11/30/15 16:00,46.05
12/1/15 16:00,47.44
12/2/15 16:00,46.4
12/3/15 16:00,46.54
12/4/15 16:00,46.08
12/7/15 16:00,46.23
12/8/15 16:00,45.34
12/9/15 16:00,44.9
12/10/15 16:00,45.41
12/11/15 16:00,43.4
12/14/15 16:00,43.72
12/15/15 16:00,44.22
12/16/15 16:00,46.9
12/17/15 16:00,46.68
12/18/15 16:00,46.09
12/21/15 16:00,46.51
12/22/15 16:00,45.99
12/23/15 16:00,45.94
12/24/15 16:00,46.11
12/28/15 16:00,45.79
12/29/15 16:00,47.44
12/30/15 16:00,47.62
12/31/15 16:00,48
1/4/16 16:00,44.68
1/5/16 16:00,44.69
1/6/16 16:00,43.81
1/7/16 16:00,43.13
1/8/16 16:00,42.2
1/11/16 16:00,41.57
1/12/16 16:00,41.99
1/13/16 16:00,40.06
1/14/16 16:00,41.24
1/15/16 16:00,41
1/19/16 16:00,40.94
1/20/16 16:00,39.74
1/21/16 16:00,39.99
1/22/16 16:00,40.51
1/25/16 16:00,39.28
1/26/16 16:00,38.71
1/27/16 16:00,37.61
1/28/16 16:00,37.94
1/29/16 16:00,38.24
2/1/16 16:00,39.39
2/2/16 16:00,36.56
2/3/16 16:00,34.7
2/4/16 16:00,35.07
2/5/16 16:00,32.52
2/8/16 16:00,29.6
2/9/16 16:00,29.65
2/10/16 16:00,28.73
2/11/16 16:00,30.09
2/12/16 16:00,30.21
2/16/16 16:00,31.03
2/17/16 16:00,33.74
2/18/16 16:00,33.35
2/19/16 16:00,33.32
2/22/16 16:00,35.55
2/23/16 16:00,35.44
2/24/16 16:00,35.8
2/25/16 16:00,37.49
2/26/16 16:00,38.07
2/29/16 16:00,38.39
3/1/16 16:00,37.27
3/2/16 16:00,37.67
3/3/16 16:00,39.15
3/4/16 16:00,40.21
3/7/16 16:00,41.06
3/8/16 16:00,40.52
3/9/16 16:00,41.74
3/10/16 16:00,41.04
3/11/16 16:00,41.5
3/14/16 16:00,43.03
3/15/16 16:00,43.67
3/16/16 16:00,44.39
3/17/16 16:00,45.28
3/18/16 16:00,46.55
3/21/16 16:00,47.66
3/22/16 16:00,46.85
3/23/16 16:00,44.52
3/24/16 16:00,45.55
3/28/16 16:00,46.05
3/29/16 16:00,46.03
3/30/16 16:00,45.38
3/31/16 16:00,45.95
4/1/16 16:00,47.52
4/4/16 16:00,49.4
4/5/16 16:00,51.09
4/6/16 16:00,53.08
4/7/16 16:00,51.44
4/8/16 16:00,50.01
4/11/16 16:00,49.98
4/12/16 16:00,49.56
4/13/16 16:00,50.91
4/14/16 16:00,50.37
4/15/16 16:00,50.9
4/18/16 16:00,50.78
4/19/16 16:00,49.47
4/20/16 16:00,49.99
4/21/16 16:00,49.66
4/22/16 16:00,50.75
4/25/16 16:00,50.36
4/26/16 16:00,50.75
4/27/16 16:00,50.29
4/28/16 16:00,49.54
4/29/16 16:00,48.15
5/2/16 16:00,48.36
5/3/16 16:00,46.46
5/4/16 16:00,44.51
5/5/16 16:00,42.31
5/6/16 16:00,42.99
5/9/16 16:00,41.78
5/10/16 16:00,41.74
5/11/16 16:00,41.79
5/12/16 16:00,41.46
5/13/16 16:00,41.52
5/16/16 16:00,41.66
5/17/16 16:00,40.93
5/18/16 16:00,42.23
5/19/16 16:00,43.04
5/20/16 16:00,44.06
5/23/16 16:00,43.24
5/24/16 16:00,43.58
5/25/16 16:00,43.92
5/26/16 16:00,45.02
5/27/16 16:00,44.61
5/31/16 16:00,44.65
6/1/16 16:00,43.91
6/2/16 16:00,43.79
6/3/16 16:00,43.8
6/6/16 16:00,44.14
6/7/16 16:00,46.47
6/8/16 16:00,47.1
6/9/16 16:00,45.87
6/10/16 16:00,43.76
6/13/16 16:00,43.57
6/14/16 16:00,42.99
6/15/16 16:00,43.54
6/16/16 16:00,43.59
6/17/16 16:00,43.09
6/20/16 16:00,43.94
6/21/16 16:00,43.92
6/22/16 16:00,39.33
6/23/16 16:00,39.28
6/24/16 16:00,38.63
6/27/16 16:00,39.71
6/28/16 16:00,40.36
6/29/16 16:00,42.04
6/30/16 16:00,42.46
7/1/16 16:00,43.3
7/5/16 16:00,42.8
7/6/16 16:00,42.89
7/7/16 16:00,43.19
7/8/16 16:00,43.36
7/11/16 16:00,44.96
7/12/16 16:00,44.93
7/13/16 16:00,44.51
7/14/16 16:00,44.31
7/15/16 16:00,44.08
7/18/16 16:00,45.25
7/19/16 16:00,45.05
7/20/16 16:00,45.67
7/21/16 16:00,44.1
7/22/16 16:00,44.45
7/25/16 16:00,46
7/26/16 16:00,45.9
7/27/16 16:00,45.7
7/28/16 16:00,46.12
7/29/16 16:00,46.96
8/1/16 16:00,46
8/2/16 16:00,45.44
8/3/16 16:00,45.16
8/4/16 16:00,46.12
8/5/16 16:00,46.01
8/8/16 16:00,45.23
8/9/16 16:00,45.82
8/10/16 16:00,45.13
8/11/16 16:00,44.98
8/12/16 16:00,45.12
8/15/16 16:00,45.12
8/16/16 16:00,44.72
8/17/16 16:00,44.65
8/18/16 16:00,44.7
8/19/16 16:00,45
8/22/16 16:00,44.59
8/23/16 16:00,44.97
8/24/16 16:00,44.52
8/25/16 16:00,44.19
8/26/16 16:00,44
8/29/16 16:00,43.04
8/30/16 16:00,42.27
8/31/16 16:00,42.4
9/1/16 16:00,40.15
9/2/16 16:00,39.56
9/6/16 16:00,40.57
9/7/16 16:00,40.34
9/8/16 16:00,39.47
9/9/16 16:00,38.89
9/12/16 16:00,39.66
9/13/16 16:00,39.21
9/14/16 16:00,39.28
9/15/16 16:00,40.08
9/16/16 16:00,41.08
9/19/16 16:00,41.27
9/20/16 16:00,40.93
9/21/16 16:00,41.04
9/22/16 16:00,41.29
9/23/16 16:00,41.49
9/26/16 16:00,41.8
9/27/16 16:00,41.16
9/28/16 16:00,41.25
9/29/16 16:00,40.14
9/30/16 16:00,40.81
10/3/16 16:00,42.74
10/4/16 16:00,42.28
10/5/16 16:00,41.69
10/6/16 16:00,40.2
10/7/16 16:00,39.32
10/10/16 16:00,40.19
10/11/16 16:00,40.02
10/12/16 16:00,40.3
10/13/16 16:00,40.05
10/14/16 16:00,39.3
10/17/16 16:00,38.79
10/18/16 16:00,39.82
10/19/16 16:00,40.71
10/20/16 16:00,39.82
10/21/16 16:00,40.02
10/24/16 16:00,40.55
10/25/16 16:00,40.47
10/26/16 16:00,40.45
10/27/16 16:00,40.8
10/28/16 16:00,39.99
10/31/16 16:00,39.55
11/1/16 16:00,38.16
11/2/16 16:00,37.6
11/3/16 16:00,37.48
11/4/16 16:00,38.11
11/7/16 16:00,38.64
11/8/16 16:00,38.99
11/9/16 16:00,38.01
11/10/16 16:00,37.07
11/11/16 16:00,37.71
11/14/16 16:00,36.29
11/15/16 16:00,36.75
11/16/16 16:00,36.79
11/17/16 16:00,37.73
11/18/16 16:00,37
11/21/16 16:00,36.9
11/22/16 16:00,38.23
11/23/16 16:00,38.63
11/25/16 16:00,39.33
11/28/16 16:00,39.22
11/29/16 16:00,37.91
11/30/16 16:00,37.88
12/1/16 16:00,36.38
12/2/16 16:00,36.29
12/5/16 16:00,37.36
12/6/16 16:00,37.17
12/7/16 16:00,38.63
12/8/16 16:00,38.46
12/9/16 16:00,38.44
12/12/16 16:00,38.49
12/13/16 16:00,39.63
12/14/16 16:00,39.74
12/15/16 16:00,39.52
12/16/16 16:00,40.5
12/19/16 16:00,40.55
12/20/16 16:00,41.76
12/21/16 16:00,41.54
12/22/16 16:00,41.69
12/23/16 16:00,42.67
12/27/16 16:00,43.91
12/28/16 16:00,43.95
12/29/16 16:00,42.94
12/30/16 16:00,42.74
1/3/17 16:00,43.4
1/4/17 16:00,45.4
1/5/17 16:00,45.35
1/6/17 16:00,45.8
1/9/17 16:00,46.26
1/10/17 16:00,45.97
1/11/17 16:00,45.95
1/12/17 16:00,45.92
1/13/17 16:00,47.55
1/17/17 16:00,47.12
1/18/17 16:00,47.67
1/19/17 16:00,48.75
1/20/17 16:00,48.95
1/23/17 16:00,49.78
1/24/17 16:00,50.92
1/25/17 16:00,50.89
1/26/17 16:00,50.5
1/27/17 16:00,50.59
1/30/17 16:00,50.13
1/31/17 16:00,50.39
2/1/17 16:00,49.85
2/2/17 16:00,50.31
2/3/17 16:00,50.27
2/6/17 16:00,51.55
2/7/17 16:00,51.5
2/8/17 16:00,52.42
2/9/17 16:00,53.84
2/10/17 16:00,53.85
2/13/17 16:00,56.12
2/14/17 16:00,56.2
2/15/17 16:00,55.95
2/16/17 16:00,53.79
2/17/17 16:00,54.45
2/21/17 16:00,55.48
2/22/17 16:00,54.7
2/23/17 16:00,51.2
2/24/17 16:00,51.4
2/27/17 16:00,49.25
2/28/17 16:00,50
3/1/17 16:00,50
3/2/17 16:00,50.1
3/3/17 16:00,50.31
3/6/17 16:00,50.24
3/7/17 16:00,49.72
3/8/17 16:00,49.37
3/9/17 16:00,48.98
3/10/17 16:00,48.74
3/13/17 16:00,49.23
3/14/17 16:00,51.6
3/15/17 16:00,51.15
3/16/17 16:00,52.41
3/17/17 16:00,52.3
3/20/17 16:00,52.38
3/21/17 16:00,50.14
3/22/17 16:00,51
3/23/17 16:00,50.96
3/24/17 16:00,52.63
3/27/17 16:00,54.04
3/28/17 16:00,55.49
3/29/17 16:00,55.48
3/30/17 16:00,55.58
3/31/17 16:00,55.66
4/3/17 16:00,59.7
4/4/17 16:00,60.74
4/5/17 16:00,59
4/6/17 16:00,59.74
4/7/17 16:00,60.51
4/10/17 16:00,62.48
4/11/17 16:00,61.74
4/12/17 16:00,59.37
4/13/17 16:00,60.8
4/17/17 16:00,60.29
4/18/17 16:00,60.05
4/19/17 16:00,61.1
4/20/17 16:00,60.5
4/21/17 16:00,61.12
4/24/17 16:00,61.61
4/25/17 16:00,62.76
4/26/17 16:00,62.03
4/27/17 16:00,61.73
4/28/17 16:00,62.81
5/1/17 16:00,64.57
5/2/17 16:00,63.78
5/3/17 16:00,62.2
5/4/17 16:00,59.09
5/5/17 16:00,61.67
5/8/17 16:00,61.44
5/9/17 16:00,64.25
5/10/17 16:00,65.04
5/11/17 16:00,64.62
5/12/17 16:00,64.96
5/15/17 16:00,63.18
5/16/17 16:00,63.4
5/17/17 16:00,61.22
5/18/17 16:00,62.61
5/19/17 16:00,62.17
5/22/17 16:00,62.07
5/23/17 16:00,60.77
5/24/17 16:00,62.04
5/25/17 16:00,63.37
5/26/17 16:00,65.03
5/30/17 16:00,67.02
5/31/17 16:00,68.2
6/1/17 16:00,68.07
6/2/17 16:00,67.97
6/5/17 16:00,69.46
6/6/17 16:00,70.57
6/7/17 16:00,71.93
6/8/17 16:00,74
6/9/17 16:00,71.46
6/12/17 16:00,71.8
6/13/17 16:00,75.19
6/14/17 16:00,76.13
6/15/17 16:00,75.07
6/16/17 16:00,74.28
6/19/17 16:00,73.96
6/20/17 16:00,74.45
6/21/17 16:00,75.28
6/22/17 16:00,76.52
6/23/17 16:00,76.69
6/26/17 16:00,75.5
6/27/17 16:00,72.47
6/28/17 16:00,74.25
6/29/17 16:00,72.15
6/30/17 16:00,72.32
7/3/17 16:00,70.52
7/5/17 16:00,65.42
7/6/17 16:00,61.77
7/7/17 16:00,62.64
7/10/17 16:00,63.21
7/11/17 16:00,65.44
7/12/17 16:00,65.9
7/13/17 16:00,64.68
7/14/17 16:00,65.56
7/17/17 16:00,63.91
7/18/17 16:00,65.65
7/19/17 16:00,65.05
7/20/17 16:00,65.98
7/21/17 16:00,65.68
7/24/17 16:00,68.5
7/25/17 16:00,67.92
7/26/17 16:00,68.77
7/27/17 16:00,66.89
7/28/17 16:00,67.01
7/31/17 16:00,64.69
8/1/17 16:00,63.91
8/2/17 16:00,65.18
8/3/17 16:00,69.42
8/4/17 16:00,71.38
8/7/17 16:00,71.03
8/8/17 16:00,73.04
8/9/17 16:00,72.71
8/10/17 16:00,71.08
8/11/17 16:00,71.57
8/14/17 16:00,72.76
8/15/17 16:00,72.47
8/16/17 16:00,72.58
8/17/17 16:00,70.38
8/18/17 16:00,69.49
8/21/17 16:00,67.57
8/22/17 16:00,68.27
8/23/17 16:00,70.55
8/24/17 16:00,70.59
8/25/17 16:00,69.61
8/28/17 16:00,69.13
8/29/17 16:00,69.47
8/30/17 16:00,70.64
8/31/17 16:00,71.18
9/1/17 16:00,71.08
9/5/17 16:00,69.92
9/6/17 16:00,68.91
9/7/17 16:00,70.12
9/8/17 16:00,68.68
9/11/17 16:00,72.74
9/12/17 16:00,72.55
9/13/17 16:00,73.25
9/14/17 16:00,75.53
9/15/17 16:00,75.96
9/18/17 16:00,77
9/19/17 16:00,75.02
9/20/17 16:00,74.78
9/21/17 16:00,73.3
9/22/17 16:00,70.22
9/25/17 16:00,69
9/26/17 16:00,69.05
9/27/17 16:00,68.19
9/28/17 16:00,67.92
9/29/17 16:00,68.22
10/2/17 16:00,68.31
10/3/17 16:00,69.63
10/4/17 16:00,71
10/5/17 16:00,71.07
10/6/17 16:00,71.38
10/9/17 16:00,68.59
10/10/17 16:00,71.12
10/11/17 16:00,70.92
10/12/17 16:00,71.14
10/13/17 16:00,71.11
10/16/17 16:00,70.12
10/17/17 16:00,71.15
10/18/17 16:00,71.93
10/19/17 16:00,70.36
10/20/17 16:00,69.02
10/23/17 16:00,67.4
10/24/17 16:00,67.47
10/25/17 16:00,65.17
10/26/17 16:00,65.23
10/27/17 16:00,64.17
10/30/17 16:00,64.02
10/31/17 16:00,66.31
11/1/17 16:00,64.22
11/2/17 16:00,59.85
11/3/17 16:00,61.22
11/6/17 16:00,60.56
11/7/17 16:00,61.21
11/8/17 16:00,60.88
11/9/17 16:00,60.6
11/10/17 16:00,60.6
11/13/17 16:00,63.08
11/14/17 16:00,61.74
11/15/17 16:00,62.26
11/16/17 16:00,62.5
11/17/17 16:00,63.01
11/20/17 16:00,61.75
11/21/17 16:00,63.56
11/22/17 16:00,62.52
11/24/17 13:00,63.11
11/27/17 16:00,63.36
11/28/17 16:00,63.51
11/29/17 16:00,61.51
11/30/17 16:00,61.77
12/1/17 16:00,61.31
12/4/17 16:00,61.04
12/5/17 16:00,60.74
12/6/17 16:00,62.65
12/7/17 16:00,62.25
12/8/17 16:00,63.03
12/11/17 16:00,65.78
12/12/17 16:00,68.21
12/13/17 16:00,67.81
12/14/17 16:00,67.58
12/15/17 16:00,68.69
12/18/17 16:00,67.77
12/19/17 16:00,66.22
12/20/17 16:00,65.8
12/21/17 16:00,66.33
12/22/17 16:00,65.04
12/26/17 16:00,63.46
12/27/17 16:00,62.33
12/28/17 16:00,63.07
12/29/17 16:00,62.27
1/2/18 16:00,64.11
1/3/18 16:00,63.45
1/4/18 16:00,62.92
1/5/18 16:00,63.32
1/8/18 16:00,67.28
1/9/18 16:00,66.74
1/10/18 16:00,66.96
1/11/18 16:00,67.59
1/12/18 16:00,67.24
1/16/18 16:00,68.01
1/17/18 16:00,69.43
1/18/18 16:00,68.91
1/19/18 16:00,70
1/22/18 16:00,70.31
1/23/18 16:00,70.56
1/24/18 16:00,69.18
1/25/18 16:00,67.53
1/26/18 16:00,68.57
1/29/18 16:00,69.91
1/30/18 16:00,69.16
1/31/18 16:00,70.86
2/1/18 16:00,69.85
2/2/18 16:00,68.75
2/5/18 16:00,66.63
2/6/18 16:00,66.79
2/7/18 16:00,69
2/8/18 16:00,63.05
2/9/18 16:00,62.08
2/12/18 16:00,63.15
2/13/18 16:00,64.73
2/14/18 16:00,64.46
2/15/18 16:00,66.81
2/16/18 16:00,67.1
2/20/18 16:00,66.95
2/21/18 16:00,66.66
2/22/18 16:00,69.23
2/23/18 16:00,70.41
2/26/18 16:00,71.48
2/27/18 16:00,70.2
2/28/18 16:00,68.61
3/1/18 16:00,66.19
3/2/18 16:00,67.02
3/5/18 16:00,66.67
3/6/18 16:00,65.64
3/7/18 16:00,66.46
3/8/18 16:00,65.82
3/9/18 16:00,65.43
3/12/18 16:00,69.1
3/13/18 16:00,68.37
3/14/18 16:00,65.33
3/15/18 16:00,65.12
3/16/18 16:00,64.27
3/19/18 16:00,62.71
3/20/18 16:00,62.11
3/21/18 16:00,63.31
3/22/18 16:00,61.82
3/23/18 16:00,60.31
3/26/18 16:00,60.84
3/27/18 16:00,55.84
3/28/18 16:00,51.56
3/29/18 16:00,53.23
4/2/18 16:00,50.5
4/3/18 16:00,53.51
4/4/18 16:00,57.39
4/5/18 16:00,61.14
4/6/18 16:00,59.86
4/9/18 16:00,57.93
4/10/18 16:00,60.94
4/11/18 16:00,60.19
4/12/18 16:00,58.82
4/13/18 16:00,60.07
4/16/18 16:00,58.24
4/17/18 16:00,58.24
4/18/18 16:00,58.67
4/19/18 16:00,60.02
4/20/18 16:00,58.05
4/23/18 16:00,56.67
4/24/18 16:00,56.69
4/25/18 16:00,56.14
4/26/18 16:00,57.1
4/27/18 16:00,58.82
4/30/18 16:00,58.78
5/1/18 16:00,59.98
5/2/18 16:00,60.23
5/3/18 16:00,56.89
5/4/18 16:00,58.82
5/7/18 16:00,60.55
5/8/18 16:00,60.39
5/9/18 16:00,61.37
5/10/18 16:00,61
5/11/18 16:00,60.21
5/14/18 16:00,58.39
5/15/18 16:00,56.84
5/16/18 16:00,57.3
5/17/18 16:00,56.91
5/18/18 16:00,56.91
5/21/18 16:00,56.9
5/22/18 16:00,55
5/23/18 16:00,55.81
5/24/18 16:00,55.57
5/25/18 16:00,55.77
5/29/18 16:00,56.75
5/30/18 16:00,58.34
5/31/18 16:00,56.95
6/1/18 16:00,58.36
6/4/18 16:00,59.35
6/5/18 16:00,58.23
6/6/18 16:00,63.9
6/7/18 16:00,63.22
6/8/18 16:00,63.53
6/11/18 16:00,66.42
6/12/18 16:00,68.55
6/13/18 16:00,68.96
6/14/18 16:00,71.54
6/15/18 16:00,71.63
6/18/18 16:00,74.17
6/19/18 16:00,70.51
6/20/18 16:00,72.44
6/21/18 16:00,69.5
6/22/18 16:00,66.73
6/25/18 16:00,66.6
6/26/18 16:00,68.4
6/27/18 16:00,68.9
6/28/18 16:00,69.99
6/29/18 16:00,68.59
7/2/18 16:00,67.01
7/3/18 13:00,62.17
7/5/18 16:00,61.83
7/6/18 16:00,61.78
7/9/18 16:00,63.7
7/10/18 16:00,64.49
7/11/18 16:00,63.79
7/12/18 16:00,63.34
7/13/18 16:00,63.77
7/16/18 16:00,62.02
7/17/18 16:00,64.54
7/18/18 16:00,64.77
7/19/18 16:00,64.05
7/20/18 16:00,62.72
7/23/18 16:00,60.64
7/24/18 16:00,59.49
7/25/18 16:00,61.75
7/26/18 16:00,61.33
7/27/18 16:00,59.44
7/30/18 16:00,58.03
7/31/18 16:00,59.63
8/1/18 16:00,60.17
8/2/18 16:00,69.91
8/3/18 16:00,69.63
8/6/18 16:00,68.4
8/7/18 16:00,75.91
8/8/18 16:00,74.07
8/9/18 16:00,70.49
8/10/18 16:00,71.1
8/13/18 16:00,71.28
8/14/18 16:00,69.53
8/15/18 16:00,67.74
8/16/18 16:00,67.09
8/17/18 16:00,61.1
8/20/18 16:00,61.69
8/21/18 16:00,64.38
8/22/18 16:00,64.33
8/23/18 16:00,64.02
8/24/18 16:00,64.56
8/27/18 16:00,63.85
8/28/18 16:00,62.37
8/29/18 16:00,61
8/30/18 16:00,60.63
8/31/18 16:00,60.33
9/4/18 16:00,57.79
9/5/18 16:00,56.15
9/6/18 16:00,56.19
9/7/18 16:00,52.65
9/10/18 16:00,57.1
9/11/18 16:00,55.89
9/12/18 16:00,58.11
9/13/18 16:00,57.89
9/14/18 16:00,59.04
9/17/18 16:00,58.97
9/18/18 16:00,56.99
9/19/18 16:00,59.8
9/20/18 16:00,59.67
9/21/18 16:00,59.82
9/24/18 16:00,59.94
9/25/18 16:00,60.2
9/26/18 16:00,61.92
9/27/18 16:00,61.5
9/28/18 16:00,52.95
10/1/18 16:00,62.14
10/2/18 16:00,60.2
10/3/18 16:00,58.96
10/4/18 16:00,56.37
10/5/18 16:00,52.39
10/8/18 16:00,50.11
10/9/18 16:00,52.56
10/10/18 16:00,51.38
10/11/18 16:00,50.45
10/12/18 16:00,51.76
10/15/18 16:00,51.92
10/16/18 16:00,55.32
10/17/18 16:00,54.36
10/18/18 16:00,52.78
10/19/18 16:00,52
10/22/18 16:00,52.19
10/23/18 16:00,58.83
10/24/18 16:00,57.7
10/25/18 16:00,62.97
10/26/18 16:00,66.18
10/29/18 16:00,66.97
10/30/18 16:00,65.98
10/31/18 16:00,67.46
11/1/18 16:00,68.86
11/2/18 16:00,69.28
11/5/18 16:00,68.28
11/6/18 16:00,68.21
11/7/18 16:00,69.63
11/8/18 16:00,70.28
11/9/18 16:00,70.1
11/12/18 16:00,66.26
11/13/18 16:00,67.75
11/14/18 16:00,68.8
11/15/18 16:00,69.69
11/16/18 16:00,70.86
11/19/18 16:00,70.69
11/20/18 16:00,69.5
11/21/18 16:00,67.64
11/23/18 13:00,65.17
11/26/18 16:00,69.2
11/27/18 16:00,68.78
11/28/18 16:00,69.57
11/29/18 16:00,68.23
11/30/18 16:00,70.1
12/3/18 16:00,71.7
12/4/18 16:00,71.94
12/6/18 16:00,72.61
12/7/18 16:00,71.59
12/10/18 16:00,73.03
12/11/18 16:00,73.35
12/12/18 16:00,73.32
12/13/18 16:00,75.36
12/14/18 16:00,73.14
12/17/18 16:00,69.68
12/18/18 16:00,67.41
12/19/18 16:00,66.59
12/20/18 16:00,63.08
12/21/18 16:00,63.95
12/24/18 13:00,59.08
12/26/18 16:00,65.22
12/27/18 16:00,63.23
12/28/18 16:00,66.77
12/31/18 16:00,66.56
1/2/19 16:00,62.02
1/3/19 16:00,60.07
1/4/19 16:00,63.54
1/7/19 16:00,66.99
1/8/19 16:00,67.07
1/9/19 16:00,67.71
1/10/19 16:00,68.99
1/11/19 16:00,69.45
1/14/19 16:00,66.88
1/15/19 16:00,68.89
1/16/19 16:00,69.21
1/17/19 16:00,69.46
1/18/19 16:00,60.45
1/22/19 16:00,59.78
1/23/19 16:00,57.52
1/24/19 16:00,58.3
1/25/19 16:00,59.41
1/28/19 16:00,59.28
1/29/19 16:00,59.49
1/30/19 16:00,61.75
1/31/19 16:00,61.4
2/1/19 16:00,62.44
2/4/19 16:00,62.58
2/5/19 16:00,64.27
2/6/19 16:00,63.44
2/7/19 16:00,61.5
2/8/19 16:00,61.16
2/11/19 16:00,62.57
2/12/19 16:00,62.36
2/13/19 16:00,61.63
2/14/19 16:00,60.75
2/15/19 16:00,61.58
2/19/19 16:00,61.13
2/20/19 16:00,60.51
2/21/19 16:00,58.25
2/22/19 16:00,58.94
2/25/19 16:00,59.75
2/26/19 16:00,59.57
2/27/19 16:00,62.95
2/28/19 16:00,63.98
3/1/19 16:00,58.96
3/4/19 16:00,57.07
3/5/19 16:00,55.31
3/6/19 16:00,55.25
3/7/19 16:00,55.32
3/8/19 16:00,56.83
3/11/19 16:00,58.18
3/12/19 16:00,56.67
3/13/19 16:00,57.79
3/14/19 16:00,57.99
3/15/19 16:00,55.09
3/18/19 16:00,53.9
3/19/19 16:00,53.49
3/20/19 16:00,54.72
3/21/19 16:00,54.8
3/22/19 16:00,52.91
3/25/19 16:00,52.08
3/26/19 16:00,53.55
3/27/19 16:00,54.97
3/28/19 16:00,55.72
3/29/19 16:00,55.97
4/1/19 16:00,57.84
4/2/19 16:00,57.18
4/3/19 16:00,58.36
4/4/19 16:00,53.56
4/5/19 16:00,54.99
4/8/19 16:00,54.64
4/9/19 16:00,54.46
4/10/19 16:00,55.21
4/11/19 16:00,53.68
4/12/19 16:00,53.54
4/15/19 16:00,53.28
4/16/19 16:00,54.67
4/17/19 16:00,54.25
4/18/19 16:00,54.65
4/22/19 16:00,52.55
4/23/19 16:00,52.78
4/24/19 16:00,51.73
4/25/19 16:00,49.53
4/26/19 16:00,47.03
4/29/19 16:00,48.29
4/30/19 16:00,47.74
5/1/19 16:00,46.8
5/2/19 16:00,48.82
5/3/19 16:00,51.01
5/6/19 16:00,51.07
5/7/19 16:00,49.41
5/8/19 16:00,48.97
5/9/19 16:00,48.4
5/10/19 16:00,47.9
5/13/19 16:00,45.4
5/14/19 16:00,46.46
5/15/19 16:00,46.39
5/16/19 16:00,45.67
5/17/19 16:00,42.21
5/20/19 16:00,41.07
5/21/19 16:00,41.02
5/22/19 16:00,38.55
5/23/19 16:00,39.1
5/24/19 16:00,38.13
5/28/19 16:00,37.74
5/29/19 16:00,37.97
5/30/19 16:00,37.64
5/31/19 16:00,37.03
6/3/19 16:00,35.79
6/4/19 16:00,38.72
6/5/19 16:00,39.32
6/6/19 16:00,41.19
6/7/19 16:00,40.9
6/10/19 16:00,42.58
6/11/19 16:00,43.42
6/12/19 16:00,41.85
6/13/19 16:00,42.78
6/14/19 16:00,42.98
6/17/19 16:00,45.01
6/18/19 16:00,44.95
6/19/19 16:00,45.29
6/20/19 16:00,43.92
6/21/19 16:00,44.37
6/24/19 16:00,44.73
6/25/19 16:00,43.95
6/26/19 16:00,43.85
6/27/19 16:00,44.57
6/28/19 16:00,44.69
7/1/19 16:00,45.43
7/2/19 16:00,44.91
7/3/19 13:00,46.98
7/5/19 16:00,46.62
7/8/19 16:00,46.07
7/9/19 16:00,46.01
7/10/19 16:00,47.78
7/11/19 16:00,47.72
7/12/19 16:00,49.02
7/15/19 16:00,50.7
7/16/19 16:00,50.48
7/17/19 16:00,50.97
7/18/19 16:00,50.71
7/19/19 16:00,51.64
7/22/19 16:00,51.14
7/23/19 16:00,52.03
7/24/19 16:00,52.98
7/25/19 16:00,45.76
7/26/19 16:00,45.61
7/29/19 16:00,47.15
7/30/19 16:00,48.45
7/31/19 16:00,48.32
8/1/19 16:00,46.77
8/2/19 16:00,46.87
8/5/19 16:00,45.66
8/6/19 16:00,46.15
8/7/19 16:00,46.68
8/8/19 16:00,47.66
8/9/19 16:00,47
8/12/19 16:00,45.8
8/13/19 16:00,47
8/14/19 16:00,43.92
8/15/19 16:00,43.13
8/16/19 16:00,43.99
8/19/19 16:00,45.37
8/20/19 16:00,45.17
8/21/19 16:00,44.17
8/22/19 16:00,44.43
8/23/19 16:00,42.28
8/26/19 16:00,43
8/27/19 16:00,42.82
8/28/19 16:00,43.12
8/29/19 16:00,44.34
8/30/19 16:00,45.12
9/3/19 16:00,45
9/4/19 16:00,44.14
9/5/19 16:00,45.92
9/6/19 16:00,45.49
9/9/19 16:00,46.36
9/10/19 16:00,47.11
9/11/19 16:00,49.42
9/12/19 16:00,49.17
9/13/19 16:00,49.04
9/16/19 16:00,48.56
9/17/19 16:00,48.96
9/18/19 16:00,48.7
9/19/19 16:00,49.32
9/20/19 16:00,48.12
9/23/19 16:00,48.25
9/24/19 16:00,44.64
9/25/19 16:00,45.74
9/26/19 16:00,48.51
9/27/19 16:00,48.43
9/30/19 16:00,48.17
10/1/19 16:00,48.94
10/2/19 16:00,48.63
10/3/19 16:00,46.61
10/4/19 16:00,46.29
10/7/19 16:00,47.54
10/8/19 16:00,48.01
10/9/19 16:00,48.91
10/10/19 16:00,48.95
10/11/19 16:00,49.58
10/14/19 16:00,51.39
10/15/19 16:00,51.58
10/16/19 16:00,51.95
10/17/19 16:00,52.39
10/18/19 16:00,51.39
10/21/19 16:00,50.7
10/22/19 16:00,51.12
10/23/19 16:00,50.94
10/24/19 16:00,59.94
10/25/19 16:00,65.63
10/28/19 16:00,65.54
10/29/19 16:00,63.24
10/30/19 16:00,63
10/31/19 16:00,62.98
11/1/19 16:00,62.66
11/4/19 16:00,63.49
11/5/19 16:00,63.44
11/6/19 16:00,65.32
11/7/19 16:00,67.11
11/8/19 16:00,67.43
11/11/19 16:00,69.02
11/12/19 16:00,69.99
11/13/19 16:00,69.22
11/14/19 16:00,69.87
11/15/19 16:00,70.43
11/18/19 16:00,70
11/19/19 16:00,71.9
11/20/19 16:00,70.44
11/21/19 16:00,70.97
11/22/19 16:00,66.61
11/25/19 16:00,67.27
11/26/19 16:00,65.78
11/27/19 16:00,66.26
11/29/19 13:00,65.99
12/2/19 16:00,66.97
12/3/19 16:00,67.24
12/4/19 16:00,66.61
12/5/19 16:00,66.07
12/6/19 16:00,67.18
12/9/19 16:00,67.91
12/10/19 16:00,69.77
12/11/19 16:00,70.54
12/12/19 16:00,71.94
12/13/19 16:00,71.68
12/16/19 16:00,76.3
12/17/19 16:00,75.8
12/18/19 16:00,78.63
12/19/19 16:00,80.81
12/20/19 16:00,81.12
12/23/19 16:00,83.84
12/24/19 13:00,85.05
12/26/19 16:00,86.19
12/27/19 16:00,86.08
12/30/19 16:00,82.94
12/31/19 16:00,83.67
1/2/20 16:00,86.05
1/3/20 16:00,88.6
1/6/20 16:00,90.31
1/7/20 16:00,93.81
1/8/20 16:00,98.43
1/9/20 16:00,96.27
1/10/20 16:00,95.63
1/13/20 16:00,104.97
1/14/20 16:00,107.58
1/15/20 16:00,103.7
1/16/20 16:00,102.7
1/17/20 16:00,102.1
1/21/20 16:00,109.44
1/22/20 16:00,113.91
1/23/20 16:00,114.44
1/24/20 16:00,112.96
1/27/20 16:00,111.6
1/28/20 16:00,113.38
1/29/20 16:00,116.2
1/30/20 16:00,128.16
1/31/20 16:00,130.11
2/3/20 16:00,156
2/4/20 16:00,177.41
2/5/20 16:00,146.94
2/6/20 16:00,149.79
2/7/20 16:00,149.61
2/10/20 16:00,154.26
2/11/20 16:00,154.88
2/12/20 16:00,153.46
2/13/20 16:00,160.8
2/14/20 16:00,160.01
2/18/20 16:00,171.68
2/19/20 16:00,183.48
2/20/20 16:00,179.88
2/21/20 16:00,180.2
2/24/20 16:00,166.76
2/25/20 16:00,159.98
2/26/20 16:00,155.76
2/27/20 16:00,135.8
2/28/20 16:00,133.6
3/2/20 16:00,148.72
3/3/20 16:00,149.1
3/4/20 16:00,149.9
3/5/20 16:00,144.91
3/6/20 16:00,140.7
3/9/20 16:00,121.6
3/10/20 16:00,129.07
3/11/20 16:00,126.85
3/12/20 16:00,112.11
3/13/20 16:00,109.32
3/16/20 16:00,89.01
3/17/20 16:00,86.04
3/18/20 16:00,72.24
3/19/20 16:00,85.53
3/20/20 16:00,85.51
3/23/20 16:00,86.86
3/24/20 16:00,101
3/25/20 16:00,107.85
3/26/20 16:00,105.63
3/27/20 16:00,102.87
3/30/20 16:00,100.43
3/31/20 16:00,104.8
4/1/20 16:00,96.31
4/2/20 16:00,90.89
4/3/20 16:00,96
4/6/20 16:00,103.25
4/7/20 16:00,109.09
4/8/20 16:00,109.77
4/9/20 16:00,114.6
4/13/20 16:00,130.19
4/14/20 16:00,141.98
4/15/20 16:00,145.97
4/16/20 16:00,149.04
4/17/20 16:00,150.78
4/20/20 16:00,149.27
4/21/20 16:00,137.34
4/22/20 16:00,146.42
4/23/20 16:00,141.13
4/24/20 16:00,145.03
4/27/20 16:00,159.75
4/28/20 16:00,153.82
4/29/20 16:00,160.1
4/30/20 16:00,156.38
5/1/20 16:00,140.26
5/4/20 16:00,152.24
5/5/20 16:00,153.64
5/6/20 16:00,156.52
5/7/20 16:00,156.01
5/8/20 16:00,163.88
5/11/20 16:00,162.26
5/12/20 16:00,161.88
5/13/20 16:00,158.19
5/14/20 16:00,160.67
5/15/20 16:00,159.83
5/18/20 16:00,162.73
5/19/20 16:00,161.6
5/20/20 16:00,163.11
5/21/20 16:00,165.52
5/22/20 16:00,163.38
5/26/20 16:00,163.77
5/27/20 16:00,164.05
5/28/20 16:00,161.16
5/29/20 16:00,167
6/1/20 16:00,179.62
6/2/20 16:00,176.31
6/3/20 16:00,176.59
6/4/20 16:00,172.88
6/5/20 16:00,177.13
6/8/20 16:00,189.98
6/9/20 16:00,188.13
6/10/20 16:00,205.01
6/11/20 16:00,194.57
6/12/20 16:00,187.06
6/15/20 16:00,198.18
6/16/20 16:00,196.43
6/17/20 16:00,198.36
6/18/20 16:00,200.79
6/19/20 16:00,200.18
6/22/20 16:00,198.86
6/23/20 16:00,200.36
6/24/20 16:00,192.17
6/25/20 16:00,197.2
6/26/20 16:00,191.95
6/29/20 16:00,201.87
6/30/20 16:00,215.96
7/1/20 16:00,223.93
7/2/20 16:00,241.73
7/6/20 16:00,274.32
7/7/20 16:00,277.97
7/8/20 16:00,273.18
7/9/20 16:00,278.86
7/10/20 16:00,308.93
7/13/20 16:00,299.41
7/14/20 16:00,303.36
7/15/20 16:00,309.2
7/16/20 16:00,300.13
7/17/20 16:00,300.17
7/20/20 16:00,328.6
7/21/20 16:00,313.67
7/22/20 16:00,318.47
7/23/20 16:00,302.61
7/24/20 16:00,283.4
7/27/20 16:00,307.92
7/28/20 16:00,295.3
7/29/20 16:00,299.82
7/30/20 16:00,297.5
7/31/20 16:00,286.15
8/3/20 16:00,297
8/4/20 16:00,297.4
8/5/20 16:00,297
8/6/20 16:00,297.92
8/7/20 16:00,290.54
8/10/20 16:00,283.71
8/11/20 16:00,274.88
8/12/20 16:00,310.95
8/13/20 16:00,324.2
8/14/20 16:00,330.14
8/17/20 16:00,367.13
8/18/20 16:00,377.42
8/19/20 16:00,375.71
8/20/20 16:00,400.37
8/21/20 16:00,410
8/24/20 16:00,402.84
8/25/20 16:00,404.67
8/26/20 16:00,430.63
8/27/20 16:00,447.75
8/28/20 16:00,442.68
8/31/20 16:00,498.32
9/1/20 16:00,475.05
9/2/20 16:00,447.37
9/3/20 16:00,407
9/4/20 16:00,418.32
9/8/20 16:00,330.21
9/9/20 16:00,366.28
9/10/20 16:00,371.34
9/11/20 16:00,372.72
9/14/20 16:00,419.62
9/15/20 16:00,449.76
9/16/20 16:00,441.76
9/17/20 16:00,423.43
9/18/20 16:00,442.15
9/21/20 16:00,449.39
9/22/20 16:00,424.23
9/23/20 16:00,380.36
9/24/20 16:00,387.79
9/25/20 16:00,407.34
9/28/20 16:00,421.2
9/29/20 16:00,419.07