date,,,,,COST And EXPENSES,,,,,,,,EBITDA,,,,INCOME,,,,,,,,,EPS,,,,
,revenue,costOfRevenue,grossProfit,grossProfitRatio,,ResearchAndDevelopmentExpenses,GeneralAndAdministrativeExpenses,SellingAndMarketingExpenses,otherExpenses,operatingExpenses,costAndExpenses,interestExpense,,depreciationAndAmortization,EBITDA,EBITDARatio,,operatingIncome,operatingIncomeRatio,totalOtherIncomeExpensesNet,incomeBeforeTax,incomeBeforeTaxRatio,incomeTaxExpense,netIncome,netIncomeRatio,,EPS,EPSDiluted,weightedAverageShsOut,weightedAverageShsOutDil
2020-06-30_Q4,17698000000,8659000000,9039000000,0.510736,,0,5314000000,0,0,5562000000,14221000000,157000000,,814000000,4446000000,0.251215,,3477000000,0.196463,119000000,3461000000,0.195559,675000000,2800000000,0.15821,,1.1834,1.1834,2612300000,2612300000
2020-03-31_Q3,17214000000,8518000000,8696000000,0.50517,,0,4985000000,0,0,5246000000,13764000000,100000000,,799000000,4357000000,0.253108,,3450000000,0.200418,109000000,3498000000,0.203207,541000000,2917000000,0.169455,,1.2069,1.2069,2613300000,2613300000
2019-12-31_Q2,18240000000,8806000000,9434000000,0.517215,,0,4794000000,0,0,4957000000,13763000000,100000000,,677000000,5283000000,0.289638,,4477000000,0.24545,119000000,4532000000,0.248465,789000000,3717000000,0.203783,,1.45508,1.45508,2630100000,2630100000
2019-09-30_Q1,17798000000,8653000000,9145000000,0.513822,,0,4756000000,0,0,4856000000,13509000000,108000000,,723000000,5150000000,0.289358,,4289000000,0.240982,104000000,4343000000,0.244016,726000000,3593000000,0.201877,,1.39263,1.39263,2647500000,2647500000
2019-06-30_Q4,17094000000,8410000000,8684000000,0.508015,,0,4943000000,0,871000000,13877000000,22287000000,111000000,,820000000,-4138000000,-0.242073,,-5193000000,-0.303791,187000000,-5065000000,-0.296303,172000000,-5241000000,-0.306599,,1.40079,1.40079,2653500000,2653500000
2019-03-31_Q3,16462000000,8342000000,8120000000,0.493257,,0,4873000000,0,0,4893000000,13235000000,131000000,,711000000,4089000000,0.24839,,3227000000,0.196027,130000000,3278000000,0.199125,502000000,2745000000,0.166748,,1.08731,1.08731,2637700000,2637700000
2018-12-31_Q2,17438000000,8776000000,8662000000,0.496731,,0,4635000000,0,0,4775000000,13551000000,138000000,,650000000,4682000000,0.268494,,3887000000,0.222904,104000000,3916000000,0.224567,700000000,3194000000,0.183163,,1.29089,1.29089,2623000000,2623000000
2018-09-30_Q1,16690000000,8420000000,8270000000,0.495506,,0,4554000000,0,0,4362000000,12782000000,129000000,,643000000,4700000000,0.281606,,3908000000,0.234152,108000000,3940000000,0.23607,729000000,3199000000,0.191672,,1.14,1.14,2612000000,2612000000
2018-06-30_Q4,16503000000,9070000000,7433000000,0.450403,,0,4705000000,0,16000000,4846000000,13916000000,136000000,,750000000,3276000000,0.198509,,2587000000,0.156759,-225000000,2289000000,0.138702,499000000,1891000000,0.114585,,0.75,0.75,2621000000,2621000000
2018-03-31_Q3,16281000000,8384000000,7897000000,0.485044,,0,4765000000,0,21000000,4688000000,13072000000,133000000,,716000000,3973000000,0.244027,,3209000000,0.197101,108000000,3253000000,0.199803,613000000,2511000000,0.154229,,1,1,2646000000,2646000000
2017-12-31_Q2,17395000000,8709000000,8686000000,0.499339,,0,4728000000,0,168000000,4767000000,13476000000,122000000,,676000000,4165000000,0.239437,,3919000000,0.225295,170000000,4033000000,0.231848,872000000,2495000000,0.143432,,1.17,1.17,2670000000,2670000000
2017-09-30_Q1,16653000000,8269000000,8384000000,0.503453,,0,4732000000,0,0,4736000000,13005000000,115000000,,692000000,4541000000,0.272684,,3648000000,0.21906,169000000,3751000000,0.225245,881000000,2853000000,0.17132,,1.07,1.07,2691000000,2691000000
2017-06-30_Q4,16079000000,8115000000,7964000000,0.495304,,0,4766000000,0,-404000000,5015000000,13130000000,116000000,,720000000,3776000000,0.23484,,2949000000,0.183407,46000000,2927000000,0.182039,725000000,2215000000,0.137757,,0.94,0.94,2695000000,2695000000
2017-03-31_Q3,15605000000,7704000000,7901000000,0.506312,,0,4539000000,0,0,4541000000,12245000000,96000000,,665000000,4063000000,0.260365,,3360000000,0.215316,26000000,3336000000,0.213778,780000000,2522000000,0.161615,,1,1,2706000000,2706000000
2016-12-31_Q2,16856000000,8150000000,8706000000,0.516493,,0,4480000000,0,0,4831000000,12981000000,122000000,,707000000,9399000000,0.557606,,3875000000,0.229888,-539000000,3256000000,0.193166,695000000,7875000000,0.467193,,1.27,1.27,2738000000,2738000000
2016-09-30_Q1,16518000000,7973000000,8545000000,0.517314,,0,4624000000,0,0,4774000000,12747000000,131000000,,728000000,4436000000,0.268556,,3771000000,0.228296,63000000,3738000000,0.226299,863000000,2714000000,0.164306,,1.04,1.04,2823000000,2823000000
2016-06-30_Q4,16102000000,8109000000,7993000000,0.496398,,0,5137000000,0,0,5491000000,13600000000,150000000,,839000000,3618000000,0.224693,,2502000000,0.155384,287000000,2686000000,0.166812,678000000,1951000000,0.121165,,0.81,0.81,2811000000,2811000000
2016-03-31_Q3,15755000000,7723000000,8032000000,0.509806,,0,4681000000,0,0,4714000000,12437000000,146000000,,785000000,4570000000,0.290067,,3318000000,0.2106,21000000,3226000000,0.20476,889000000,2750000000,0.174548,,0.87,0.87,2835000000,2835000000
2015-12-31_Q2,16915000000,8297000000,8618000000,0.509489,,0,4398000000,0,0,4765000000,13062000000,143000000,,723000000,4970000000,0.293822,,3853000000,0.227786,35000000,3803000000,0.22483,898000000,3206000000,0.189536,,1.06,1.06,2865000000,2865000000
2015-09-30_Q1,16527000000,8062000000,8465000000,0.512192,,0,4502000000,0,0,4697000000,12759000000,140000000,,731000000,4349000000,0.263145,,3768000000,0.227991,-18000000,3654000000,0.221093,877000000,2601000000,0.157379,,0.99,0.99,2868000000,2868000000
2015-06-30_Q4,16553000000,8223000000,8330000000,0.503232,,0,4538000000,0,0,7518000000,15741000000,147000000,,808000000,2045000000,0.123543,,812000000,0.049055,355000000,1065000000,0.064339,569000000,521000000,0.031475,,0.65,0.65,2879000000,2879000000
2015-03-31_Q3,16930000000,8927000000,8003000000,0.472711,,0,5321000000,0,0,4978000000,13905000000,149000000,,786000000,3655000000,0.215889,,3025000000,0.178677,53000000,2968000000,0.17531,567000000,2153000000,0.127171,,0.82,0.82,2883000000,2883000000
2014-12-31_Q2,18495000000,9558000000,8937000000,0.483212,,0,5042000000,0,0,5358000000,14916000000,161000000,,746000000,4077000000,0.220438,,3579000000,0.193512,19000000,3472000000,0.187726,798000000,2372000000,0.128251,,0.92,0.92,2885000000,2885000000
2014-09-30_Q1,18771000000,9734000000,9037000000,0.481434,,0,5404000000,0,0,5404000000,15138000000,169000000,,794000000,3744000000,0.199457,,3633000000,0.193543,13000000,3507000000,0.186831,791000000,1990000000,0.106015,,0.93,0.93,2888000000,2888000000
2014-06-30_Q4,13487000000,8308000000,5179000000,0.383999,,0,2847000000,0,0,2847000000,11155000000,178000000,,824000000,4006000000,0.297027,,2332000000,0.172907,141000000,2321000000,0.172092,425000000,2579000000,0.191221,,0.64,0.64,2892000000,2892000000
2014-03-31_Q3,19641000000,10040000000,9601000000,0.488824,,0,6295000000,0,0,6295000000,16335000000,179000000,,791000000,4223000000,0.215009,,3306000000,0.168321,20000000,3175000000,0.161652,644000000,2609000000,0.132834,,0.87,0.87,2894000000,2894000000
2013-12-31_Q2,21099000000,10474000000,10625000000,0.503578,,0,6323000000,0,0,6323000000,16797000000,187000000,,755000000,5255000000,0.249064,,4302000000,0.203896,43000000,4182000000,0.198208,885000000,3428000000,0.162472,,1.12,1.12,2909000000,2909000000
2013-09-30_Q1,20174000000,10208000000,9966000000,0.494002,,0,5996000000,0,0,5996000000,16204000000,165000000,,771000000,4860000000,0.240904,,3970000000,0.196788,5000000,3831000000,0.189898,897000000,3027000000,0.150045,,1,1,2912000000,2912000000
2013-06-30_Q4,19069000000,9725000000,9344000000,0.49001,,0,6381000000,0,0,6862000000,16587000000,163000000,,794000000,3411000000,0.178877,,2482000000,0.130159,-46000000,2360000000,0.123761,579000000,1875000000,0.098327,,0.7,0.7,2940000000,2940000000
2013-03-31_Q3,20598000000,10274000000,10324000000,0.501214,,0,6948000000,0,-942000000,6919000000,17193000000,163000000,,740000000,4166000000,0.202253,,3405000000,0.165307,46000000,3288000000,0.159627,697000000,2566000000,0.124575,,0.92,0.92,2931000000,2931000000
2012-12-31_Q2,22175000000,10880000000,11295000000,0.509357,,0,6803000000,0,895000000,6803000000,17683000000,169000000,,738000000,6106000000,0.275355,,4492000000,0.20257,895000000,5218000000,0.23531,1142000000,4057000000,0.182954,,1.39,1.39,2919000000,2919000000
2012-09-30_Q1,20739000000,10350000000,10389000000,0.50094,,0,6438000000,0,47000000,6438000000,16788000000,172000000,,710000000,4669000000,0.225131,,3951000000,0.190511,47000000,3826000000,0.184483,973000000,2814000000,0.135686,,0.96,0.96,2932000000,2932000000
2012-06-30_Q4,20212000000,10497000000,9715000000,0.480655,,0,6652000000,0,-238000000,6652000000,17149000000,182000000,,777000000,5282000000,0.26133,,3063000000,0.151544,24000000,2905000000,0.143726,692000000,3631000000,0.179646,,0.75,0.75,2930000000,2930000000
2012-03-31_Q3,20194000000,10237000000,9957000000,0.493067,,0,6636000000,0,67000000,6658000000,16895000000,179000000,,971000000,4315000000,0.213677,,3299000000,0.163365,67000000,3187000000,0.157819,754000000,2411000000,0.119392,,0.81,0.81,2938000000,2938000000
2011-12-31_Q2,21744000000,10851000000,10893000000,0.500966,,0,6659000000,0,203000000,8213000000,19064000000,201000000,,713000000,3581000000,0.164689,,2680000000,0.123252,170000000,2649000000,0.121827,977000000,1690000000,0.077723,,0.89,0.89,2950000000,2950000000
2011-09-30_Q1,21530000000,10806000000,10724000000,0.498096,,0,6474000000,0,-32000000,6474000000,17280000000,207000000,,743000000,5019000000,0.233117,,4250000000,0.197399,1000000,4044000000,0.187831,1045000000,3024000000,0.140455,,1.01,1.01,2946000000,2946000000
2011-06-30_Q4,20451000000,10532000000,9919000000,0.485013,,0,6740000000,0,132000000,6740000000,17272000000,212000000,,735000000,4118000000,0.201359,,3179000000,0.155445,162000000,3129000000,0.153,661000000,2510000000,0.122732,,0.82,0.82,2984000000,2984000000
2011-03-31_Q3,19893000000,9789000000,10104000000,0.507917,,0,6399000000,0,71000000,6399000000,16188000000,202000000,,703000000,4526000000,0.227517,,3705000000,0.186246,104000000,3607000000,0.18132,748000000,2873000000,0.144423,,0.94,0.94,2999000000,2999000000
2010-12-31_Q2,20638000000,9849000000,10789000000,0.522774,,0,6679000000,0,10000000,6679000000,16528000000,209000000,,711000000,4942000000,0.239461,,4110000000,0.199147,39000000,3940000000,0.19091,689000000,3333000000,0.161498,,1.08,1.08,3042000000,3042000000
2010-09-30_Q1,20122000000,9689000000,10433000000,0.518487,,0,5932000000,0,-11000000,5932000000,15621000000,208000000,,689000000,5179000000,0.25738,,4501000000,0.223686,28000000,4321000000,0.21474,1201000000,3081000000,0.153116,,1.02,1.02,3026000000,3026000000
2010-06-30_Q4,18926000000,9560000000,9366000000,0.494875,,0,6416000000,0,-28000000,6416000000,15976000000,212000000,,780000000,3609000000,0.19069,,2950000000,0.15587,-121000000,2617000000,0.138275,432000000,2185000000,0.11545,,0.71,0.71,3069000000,3069000000
2010-03-31_Q3,19178000000,9225000000,9953000000,0.51898,,0,5985000000,0,0,5985000000,15210000000,559183000,,799000000,5120183000,0.266982,,3968000000,0.206904,17000000,3762000000,0.196162,1177000000,2585000000,0.13479,,0.83,0.83,3104000000,3104000000
2009-12-31_Q2,21027000000,9736000000,11291000000,0.536976,,0,6636000000,0,0,6636000000,16372000000,-224000000,,758000000,6528000000,0.310458,,4655000000,0.221382,53000000,4484000000,0.21325,1335000000,4659000000,0.221572,,1.01,1.01,3119000000,3119000000
2009-09-30_Q1,19807000000,9398000000,10409000000,0.525521,,0,5961000000,0,0,5961000000,15359000000,-287000000,,-1457000000,2720000000,0.137325,,4448000000,0.224567,23000000,4184000000,0.211238,1157000000,3307000000,0.166961,,0.97,0.97,3110000000,3110000000
2009-06-30_FY,18662000000,9267000000,9395000000,0.503429429,,0,5822000000,0,0,5822000000,15089000000,-329000000,,854000000,4427000000,0.237220019,,3573000000,0.191458579,40000000,3284000000,0.175972565,0,3284000000,0.175972565,,3.76,3.76,4075797872,4075797872
2009-03-31_Q4,17864000000,9117000000,8747000000,0.489644,,0,5194000000,0,0,5194000000,14311000000,-336000000,,725000000,3823000000,0.214006,,3553000000,0.198892,34000000,3250000000,0.18193,821000000,2613000000,0.146272,,0.78,0.78,3105000000,3105000000
2008-12-31_Q3,19763000000,9799000000,9964000000,0.504174,,0,5909000000,0,0,5909000000,15708000000,-354000000,,693000000,6298000000,0.318676,,4055000000,0.205181,67000000,3768000000,0.190659,955000000,5004000000,0.2532,,0.89,0.89,3171000000,3171000000
2008-09-30_Q2,20983000000,10558000000,10425000000,0.496831,,0,6039000000,0,0,6039000000,16597000000,-339000000,,810000000,5031000000,0.239766,,4386000000,0.209026,280000000,4327000000,0.206215,1212000000,3348000000,0.159558,,0.96,0.96,3240000000,3240000000
2008-06-30_Q1,21266000000,10808000000,10458000000,0.491771,,0,6618000000,0,0,6618000000,17426000000,-355000000,,896000000,4093000000,0.192467,,3840000000,0.18057,67000000,3552000000,0.167027,536000000,3016000000,0.141823,,0.92,0.92,3285000000,3285000000
2008-03-31_Q4,20026000000,9679000000,10347000000,0.516678,,0,6334000000,0,0,6334000000,16013000000,-364000000,,767000000,4122000000,0.205832,,4013000000,0.200389,10000000,3659000000,0.182712,1009000000,2710000000,0.135324,,0.8,0.8,3301000000,3301000000
2007-12-31_Q3,21038000000,10028000000,11010000000,0.523339,,0,6420000000,0,0,6420000000,16448000000,-389000000,,751000000,4832000000,0.22968,,4590000000,0.218177,193000000,4394000000,0.20886,1200000000,3270000000,0.155433,,0.96,0.96,3379000000,3379000000
2007-09-30_Q2,19799000000,9257000000,10542000000,0.532451,,0,6244000000,0,0,6244000000,15501000000,-359000000,,752000000,4600000000,0.232335,,4298000000,0.217082,193000000,4132000000,0.208697,1128000000,3079000000,0.155513,,0.9,0.9,3354000000,3354000000
2007-06-30_Q1,19272000000,9477000000,9795000000,0.50825,,0,6395000000,0,0,6395000000,15872000000,-328000000,,763000000,3643000000,0.189031,,3400000000,0.176422,136000000,3208000000,0.166459,940000000,2268000000,0.117684,,0.67,0.67,3378000000,3378000000
2007-03-31_Q4,18694000000,9057000000,9637000000,0.515513,,0,5991000000,0,0,5991000000,15048000000,-279000000,,878000000,4135000000,0.221194,,3646000000,0.195036,169000000,3536000000,0.189152,1024000000,2512000000,0.134375,,0.74,0.74,3397000000,3397000000
2006-12-31_Q3,19725000000,9287000000,10438000000,0.529176,,0,6088000000,0,0,6088000000,15375000000,-339000000,,705000000,4456000000,0.225906,,4350000000,0.220532,79000000,4090000000,0.207351,1228000000,2862000000,0.145095,,0.84,0.84,3407000000,3407000000
2006-09-30_Q2,18785000000,8865000000,9920000000,0.528081,,0,5866000000,0,0,5866000000,14731000000,-358000000,,784000000,4302000000,0.229013,,4054000000,0.21581,180000000,3876000000,0.206335,1178000000,2698000000,0.143625,,0.79,0.79,3413000000,3413000000
2006-06-30_Q1,17842000000,8894000000,8948000000,0.501513,,0,5999000000,0,0,5999000000,14893000000,-300000000,,736000000,3147000000,0.176382,,2949000000,0.165284,62000000,2711000000,0.151945,813000000,1898000000,0.106378,,0.54,0.54,3437000000,3437000000
2006-03-31_Q4,17250000000,8340000000,8910000000,0.516522,,0,5559000000,0,0,5559000000,13899000000,-301000000,,733000000,3561000000,0.206435,,3351000000,0.194261,79000000,3129000000,0.181391,918000000,2211000000,0.128174,,0.62,0.62,3511000000,3511000000
2005-12-31_Q3,18337000000,8732000000,9605000000,0.523804,,0,5713000000,0,0,5713000000,14445000000,-299000000,,710000000,4072000000,0.222065,,3892000000,0.212248,68000000,3661000000,0.199651,1115000000,2546000000,0.138845,,0.72,0.72,3547000000,3547000000
2005-09-30_Q2,14793000000,7159000000,7634000000,0.516055,,0,4577000000,0,0,4577000000,11736000000,-219000000,,448000000,3141000000,0.21233,,3057000000,0.206652,74000000,2912000000,0.19685,883000000,2029000000,0.137159,,0.77,0.77,2650000000,2650000000
2005-06-30_Q1,14258000000,7309000000,6949000000,0.487376,,0,4793000000,0,0,4793000000,12102000000,-231000000,,481000000,2224000000,0.155983,,2156000000,0.151213,49000000,1974000000,0.138449,582000000,1392000000,0.097629,,0.49,0.49,2700000000,2700000000
2005-03-31_Q4,14287000000,7055000000,7232000000,0.506194,,0,4690000000,0,0,4690000000,11745000000,-222000000,,475000000,2633000000,0.184293,,2542000000,0.177924,60000000,2380000000,0.166585,766000000,1614000000,0.11297,,0.59,0.59,2730000000,2730000000
2004-12-31_Q3,14452000000,6885000000,7567000000,0.523595,,0,4585000000,0,0,4585000000,11470000000,-200000000,,448000000,3085000000,0.213465,,2982000000,0.206338,55000000,2837000000,0.196305,862000000,1975000000,0.136659,,0.71,0.71,2752000000,2752000000
2004-09-30_Q2,13744000000,6623000000,7121000000,0.518117,,0,4332000000,0,0,4332000000,10955000000,-181000000,,480000000,3089000000,0.224753,,2789000000,0.202925,182000000,2790000000,0.202998,848000000,1942000000,0.141298,,0.69,0.69,2766000000,2766000000
2004-06-30_Q1,12962000000,6479000000,6483000000,0.500154,,0,4344000000,0,0,4344000000,10823000000,-175000000,,454000000,2259000000,0.174279,,2139000000,0.165021,16000000,1980000000,0.152754,606000000,1374000000,0.106002,,0.5,0.5,2772000000,2772000000
2004-03-31_Q4,13029000000,6394000000,6635000000,0.509249,,0,4332000000,0,0,4332000000,10726000000,-164000000,,422000000,2464000000,0.189117,,2303000000,0.17676,67000000,2206000000,0.169315,678000000,1528000000,0.117277,,0.55,0.55,2790000000,2790000000
2003-12-31_Q3,13221000000,6324000000,6897000000,0.52167,,0,4155000000,0,0,4155000000,10479000000,-149000000,,450000000,2923000000,0.221088,,2742000000,0.207397,29000000,2622000000,0.198321,804000000,1818000000,0.137509,,0.65,0.65,2801000000,2801000000
2003-09-30_Q2,12195000000,5879000000,6316000000,0.517917,,0,3673000000,0,0,3673000000,9552000000,-141000000,,407000000,2808000000,0.230258,,2643000000,0.216728,40000000,2542000000,0.208446,781000000,1761000000,0.144403,,0.63,0.63,2798000000,2798000000
2003-06-30_Q1,10920000000,5600000000,5316000000,0.486813,,0,3470000000,0,0,3851000000,9451000000,-136000000,,472000000,1693000000,0.155037,,1469000000,0.134524,24000000,1357000000,0.124267,402000000,955000000,0.087454,,0.43,0.43,2799000000,2799000000
2003-03-31_Q4,10656000000,5348000000,5308000000,0.498123,,0,3264000000,0,0,3351000000,8699000000,-138000000,,387000000,2105000000,0.197541,,1957000000,0.183652,37000000,1856000000,0.174174,583000000,1273000000,0.119463,,0.48,0.48,2792000000,2792000000
2002-12-31_Q3,11005000000,5406000000,5590000000,0.507951,,0,3210000000,0,0,3351000000,8757000000,-143000000,,434000000,2470000000,0.224443,,2248000000,0.204271,74000000,2179000000,0.198001,685000000,1494000000,0.135756,,0.57,0.57,2805000000,2805000000
2002-09-30_Q2,10796000000,5406000000,5395000000,0.499722,,0,3065000000,0,0,3211000000,8617000000,-144000000,,410000000,2404000000,0.222675,,2179000000,0.201834,103000000,2138000000,0.198036,674000000,1464000000,0.135606,,0.56,0.56,2815000000,2815000000
2002-06-30_Q1,10169000000,5270000000,4883000000,0.480185,,0,3217000000,0,0,3501000000,8771000000,-150000000,,505000000,1649000000,0.16216,,1398000000,0.137477,46000000,1294000000,0.127249,384000000,910000000,0.089488,,0.39,0.39,2823000000,2823000000
2002-03-31_Q4,9900000000,4963000000,4922000000,0.497172,,0,3077000000,0,0,3283000000,8246000000,-146000000,,404000000,1806000000,0.182424,,1654000000,0.167071,40000000,1548000000,0.156364,509000000,1039000000,0.104949,,0.43,0.43,2811000000,2811000000
2001-12-31_Q3,10403000000,5257000000,5132000000,0.493319,,0,3079000000,0,0,3282000000,8539000000,-150000000,,402000000,2166000000,0.208209,,1864000000,0.179179,200000000,1914000000,0.183985,615000000,1299000000,0.124868,,0.52,0.52,2803000000,2803000000
2001-09-30_Q2,9766000000,4991000000,4751000000,0.486484,,0,2679000000,0,0,3013000000,8004000000,-157000000,,382000000,1852000000,0.189638,,1762000000,0.180422,22000000,1627000000,0.166598,523000000,1104000000,0.113045,,0.49,0.49,2802000000,2802000000
2001-06-30_Q1,9582000000,6203000000,3379000000,0.35264,,0,3435000000,0,0,3435000000,9638000000,-187000000,,838000000,458000000,0.047798,,-56000000,-0.005844,50000000,-193000000,-0.020142,127000000,-320000000,-0.033396,,-0.12,-0.12,2991000000,2991000000
2001-03-31_Q4,9511000000,5175000000,4336000000,0.455893,,0,3034000000,0,0,3034000000,8209000000,-204000000,,457000000,1578000000,0.165913,,1302000000,0.136894,227000000,1325000000,0.139312,432000000,893000000,0.093891,,0.32,0.32,2810000000,2810000000
2000-12-31_Q3,10182000000,5417000000,4765000000,0.467983,,0,3054000000,0,0,3054000000,8471000000,-224000000,,473000000,2030000000,0.199371,,1711000000,0.168042,294000000,1781000000,0.174917,587000000,1194000000,0.117266,,0.42,0.42,2822000000,2822000000
2000-09-30_Q2,9969000000,5307000000,4662000000,0.46765,,0,2883000000,0,0,2883000000,8190000000,-179000000,,503000000,2027000000,0.20333,,1779000000,0.178453,103000000,1703000000,0.17083,548000000,1155000000,0.115859,,0.41,0.41,2822000000,2822000000
2000-06-30_Q1,9661000000,5418000000,4243000000,0.439188,,0,3298000000,0,0,3298000000,8716000000,-217000000,,603000000,1271000000,0.13156,,945000000,0.097816,157000000,885000000,0.091605,369000000,516000000,0.053411,,0.18,0.18,2826000000,2826000000
2000-03-31_Q4,9783000000,5327000000,4456000000,0.455484,,0,3136000000,0,0,3136000000,8463000000,-180000000,,507000000,1518000000,0.155167,,1320000000,0.134928,51000000,1191000000,0.121742,438000000,753000000,0.07697,,0.26,0.26,2853000000,2853000000
1999-12-31_Q3,10588000000,5563000000,5025000000,0.474594,,0,3183000000,0,0,3183000000,8746000000,-178000000,,563000000,2100000000,0.198338,,1842000000,0.173971,51000000,1715000000,0.161976,589000000,1126000000,0.106347,,0.39,0.39,2870000000,2870000000
1999-09-30_Q2,9919000000,5206000000,4713000000,0.475149,,0,2866000000,0,0,2866000000,8072000000,-147000000,,518000000,2116000000,0.213328,,1847000000,0.186208,45000000,1745000000,0.175925,598000000,1147000000,0.115637,,0.4,0.4,2870000000,2870000000
1999-06-30_Q1,9450000000,5652000000,3798000000,0.401905,,0,2921000000,0,0,2921000000,8573000000,-159000000,,892000000,1523000000,0.161164,,877000000,0.092804,72000000,790000000,0.083598,376000000,414000000,0.04381,,0.14,0.14,2866000000,2866000000
1999-03-31_Q4,9231000000,4901000000,4330000000,0.469072,,0,2665000000,0,0,2665000000,7566000000,-168000000,,415000000,1797000000,0.19467,,1665000000,0.18037,53000000,1550000000,0.167912,510000000,1040000000,0.112664,,0.36,0.36,2897000000,2897000000
1998-12-31_Q3,9934000000,5332000000,4602000000,0.463257,,0,2765000000,0,0,2765000000,8097000000,-166000000,,442000000,2007000000,0.202033,,1837000000,0.18492,60000000,1731000000,0.17425,589000000,1142000000,0.114959,,0.39,0.39,2903000000,2903000000
1998-09-30_Q2,9510000000,5142000000,4368000000,0.459306,,0,2494000000,0,0,2494000000,7636000000,-157000000,,399000000,2009000000,0.211251,,1874000000,0.197056,50000000,1767000000,0.185804,600000000,1167000000,0.122713,,0.4,0.4,2909000000,2909000000
1998-06-30_Q1,9277000000,5306000000,3971000000,0.428048,,0,2859000000,0,0,2859000000,8165000000,-152000000,,425000000,1286000000,0.138622,,1112000000,0.119866,53000000,1013000000,0.109195,327000000,686000000,0.073946,,0.23,0.23,2901000000,2901000000
1998-03-31_Q4,8881000000,5228000000,3653000000,0.411328,,0,2137000000,0,0,2137000000,7365000000,-134000000,,399000000,1697000000,0.191082,,1516000000,0.170701,50000000,1432000000,0.161243,471000000,961000000,0.108209,,0.33,0.33,2935000000,2935000000
1997-12-31_Q3,9641000000,5322000000,4319000000,0.447983,,0,2631000000,0,0,2631000000,7953000000,-141000000,,386000000,1839000000,0.190748,,1688000000,0.175086,47000000,1594000000,0.165336,548000000,1046000000,0.108495,,0.35,0.35,2941000000,2941000000
1997-09-30_Q2,9355000000,5208000000,4147000000,0.443292,,0,2408000000,0,0,2408000000,7616000000,-121000000,,388000000,1936000000,0.206948,,1739000000,0.18589,51000000,1669000000,0.178407,582000000,1087000000,0.116195,,0.37,0.37,2948000000,2948000000
1997-06-30_Q1,8948000000,5382000000,3566000000,0.398525,,0,2529000000,0,0,2529000000,7911000000,-105000000,,475000000,1366000000,0.15266,,1037000000,0.115892,64000000,996000000,0.11131,385000000,611000000,0.068283,,0.2,0.2,2966000000,2966000000
1997-03-31_Q4,8771000000,4983000000,3788000000,0.431878,,0,2405000000,0,0,2405000000,7388000000,-106000000,,345000000,1569000000,0.178885,,1383000000,0.157679,53000000,1330000000,0.151636,449000000,881000000,0.100445,,0.29,0.29,2972000000,2972000000
1996-12-31_Q3,9142000000,5095000000,4047000000,0.442682,,0,2526000000,0,0,2526000000,7621000000,-134000000,,338000000,1636000000,0.178954,,1521000000,0.166375,45000000,1432000000,0.15664,488000000,944000000,0.10326,,0.31,0.31,2977000000,2977000000
1996-09-30_Q2,8903000000,5050000000,3853000000,0.432775,,0,2306000000,0,0,2306000000,7356000000,-112000000,,329000000,1708000000,0.191845,,1547000000,0.173762,56000000,1491000000,0.167472,512000000,979000000,0.109963,,0.33,0.33,2981000000,2981000000
1996-06-30_Q1,8580000000,5260000000,3320000000,0.386946,,0,2485000000,0,0,2485000000,7745000000,-117000000,,383000000,1133000000,0.132051,,835000000,0.097319,149000000,867000000,0.101049,313000000,554000000,0.064569,,0.18,0.18,2997000000,2997000000
1996-03-31_Q4,8587000000,5026000000,3561000000,0.414697,,0,2368000000,0,0,2368000000,7394000000,-121000000,,324000000,1350000000,0.157214,,1193000000,0.138931,75000000,1147000000,0.133574,387000000,760000000,0.088506,,0.25,0.25,2989000000,2989000000
1995-12-31_Q3,9090000000,5265000000,3825000000,0.420792,,0,2473000000,0,0,2473000000,7738000000,-123000000,,328000000,1486000000,0.163476,,1352000000,0.148735,52000000,1281000000,0.140924,445000000,836000000,0.091969,,0.28,0.28,2992000000,2992000000
1995-09-30_Q2,9027000000,5211000000,3816000000,0.422732,,0,2381000000,0,0,2381000000,7592000000,-123000000,,323000000,1574000000,0.174366,,1435000000,0.158968,62000000,1374000000,0.15221,478000000,896000000,0.099258,,0.3,0.3,2992000000,2992000000
1995-06-30_Q1,8502000000,5197000000,3305000000,0.388732,,0,2603000000,0,0,2603000000,7800000000,-120000000,,339000000,886000000,0.104211,,702000000,0.082569,85000000,667000000,0.078452,195000000,472000000,0.055516,,0.15,0.15,2997000000,2997000000
1995-03-31_Q4,8318000000,4888000000,3430000000,0.412359,,0,2366000000,0,0,2366000000,7254000000,-124000000,,311000000,1125000000,0.135249,,1064000000,0.127915,-2000000,938000000,0.112767,307000000,631000000,0.07586,,0.21,0.21,3000000000,3000000000
1994-12-31_Q3,8485000000,4840000000,3645000000,0.429582,,0,2437000000,0,0,2437000000,7277000000,-125000000,,299000000,1333000000,0.157101,,1208000000,0.142369,76000000,1159000000,0.136594,409000000,750000000,0.088391,,0.25,0.25,2982000000,2982000000
1994-09-30_Q2,8177000000,4636000000,3541000000,0.433044,,0,2271000000,0,0,2271000000,6907000000,-119000000,,304000000,1421000000,0.17378,,1270000000,0.155314,85000000,1236000000,0.151156,444000000,792000000,0.096857,,0.26,0.26,2978000000,2978000000
1994-06-30_Q1,7503000000,4525000000,2978000000,0.396908,,0,2429000000,0,0,2429000000,6954000000,-115000000,,292000000,738000000,0.098361,,549000000,0.073171,127000000,561000000,0.07477,155000000,406000000,0.054112,,0.13,0.13,2972000000,2972000000
1994-03-31_Q4,7441000000,4208000000,3233000000,0.434485,,0,2310000000,0,0,2310000000,6518000000,-119000000,,285000000,892000000,0.119876,,923000000,0.124042,-78000000,726000000,0.097568,244000000,482000000,0.064776,,0.16,0.16,2972000000,2972000000
1993-12-31_Q3,7788000000,4394000000,3394000000,0.435799,,0,2371000000,0,0,2371000000,6765000000,-123000000,,280000000,1162000000,0.149204,,1023000000,0.131356,105000000,1005000000,0.129045,352000000,653000000,0.083847,,0.22,0.22,2975000000,2975000000
1993-09-30_Q2,7564000000,4228000000,3336000000,0.441036,,0,2251000000,0,0,2251000000,6479000000,-125000000,,277000000,1206000000,0.159439,,1085000000,0.143443,94000000,1054000000,0.139344,384000000,670000000,0.088577,,0.22,0.22,2970000000,2970000000
1993-06-30_Q1,7365000000,4420000000,2945000000,0.399864,,0,2488000000,0,0,4890000000,9310000000,-150000000,,321000000,-1766000000,-0.239783,,-1945000000,-0.264087,158000000,-1937000000,-0.263001,-718000000,-1219000000,-0.165513,,0.11,0.11,2732000000,2732000000
1993-03-31_Q4,7350000000,4348000000,3002000000,0.408435,,0,2235000000,0,0,2235000000,6583000000,-110000000,,257000000,914000000,0.124354,,767000000,0.104354,110000000,767000000,0.104354,245000000,522000000,0.07102,,0.17,0.17,2968000000,2968000000
1992-12-31_Q3,7839000000,4493000000,3346000000,0.42684,,0,2432000000,0,0,2432000000,6925000000,-131000000,,283000000,1034000000,0.131905,,914000000,0.116597,99000000,882000000,0.112514,306000000,576000000,0.073479,,0.19,0.19,2970000000,2970000000
1992-09-30_Q2,7879000000,4422000000,3457000000,0.438761,,0,2434000000,0,0,2737000000,7159000000,-141000000,,279000000,-130000000,-0.0165,,720000000,0.091382,78000000,657000000,0.083386,247000000,-515000000,-0.065364,,0.2,0.2,2968000000,2968000000
1992-06-30_Q1,7167000000,4415000000,2752000000,0.383982,,0,2338000000,0,0,2338000000,6753000000,-119000000,,273000000,651000000,0.090833,,414000000,0.057765,202000000,497000000,0.069346,158000000,339000000,0.0473,,0.11,0.11,2950000000,2950000000
1992-03-31_Q4,7483000000,4382000000,3101000000,0.414406,,0,2414000000,0,0,2414000000,6796000000,-134000000,,268000000,859000000,0.114794,,687000000,0.091808,172000000,725000000,0.096886,251000000,474000000,0.063344,,0.15,0.15,2964000000,2964000000
1991-12-31_Q3,7507000000,4368000000,3139000000,0.418143,,0,2271000000,0,0,2271000000,6639000000,-137000000,,261000000,945000000,0.125883,,868000000,0.115625,90000000,821000000,0.109365,298000000,523000000,0.069668,,0.17,0.17,2962000000,2962000000
1991-09-30_Q2,7205000000,4159000000,3046000000,0.422762,,0,2148000000,0,0,2148000000,6307000000,-120000000,,249000000,971000000,0.134768,,898000000,0.124636,64000000,842000000,0.116863,306000000,536000000,0.074393,,0.18,0.18,2958000000,2958000000
1991-06-30_Q1,6722000000,4222000000,2500000000,0.371913,,0,2089000000,0,0,2089000000,6311000000,-95000000,,232000000,578000000,0.085986,,411000000,0.061143,125000000,441000000,0.065605,137000000,304000000,0.045225,,0.09,0.09,3010000000,3010000000
1991-03-31_Q4,6795000000,4041000000,2754000000,0.405298,,0,2160000000,0,0,2160000000,6201000000,-83000000,,241000000,782000000,0.115085,,594000000,0.087417,113000000,624000000,0.091832,200000000,424000000,0.062399,,0.14,0.14,2986000000,2986000000
1990-12-31_Q3,6857000000,4027000000,2830000000,0.412717,,0,2031000000,0,0,2031000000,6058000000,-112000000,,247000000,894000000,0.130378,,799000000,0.116523,72000000,759000000,0.11069,269000000,490000000,0.07146,,0.16,0.16,2976000000,2976000000
1990-09-30_Q2,6652000000,3791000000,2861000000,0.430096,,0,1963000000,0,0,1963000000,5754000000,-105000000,,236000000,994000000,0.149429,,898000000,0.134997,70000000,863000000,0.129735,308000000,555000000,0.083434,,0.19,0.19,2952000000,2952000000
1990-06-30_Q1,6216000000,3824000000,2392000000,0.384813,,0,1926000000,0,0,1926000000,5750000000,-137000000,,229000000,501000000,0.080598,,466000000,0.074968,80000000,409000000,0.065798,125000000,284000000,0.045689,,0.09,0.09,2978000000,2978000000
1990-03-31_Q4,6123000000,3666000000,2457000000,0.401274,,0,1859000000,0,0,1859000000,5525000000,-88000000,,210000000,717000000,0.117099,,598000000,0.097665,85000000,595000000,0.097175,191000000,404000000,0.065981,,0.13,0.13,2946000000,2946000000
1989-12-31_Q3,6025000000,3812000000,2213000000,0.367303,,0,1759000000,0,0,1759000000,5571000000,-125000000,,214000000,632000000,0.104896,,454000000,0.075353,214000000,543000000,0.090124,193000000,350000000,0.058091,,0.12,0.12,2955000000,2955000000
1989-09-30_Q2,5717000000,3356000000,2361000000,0.412979,,0,1577000000,0,0,1577000000,4933000000,-92000000,,206000000,988000000,0.172818,,784000000,0.137135,182000000,874000000,0.152877,310000000,564000000,0.098653,,0.19,0.19,2949000000,2949000000
1989-06-30_Q1,5433000000,3692000000,1741000000,0.320449,,0,1471000000,0,0,1471000000,5163000000,-129000000,,767000000,918000000,0.168967,,270000000,0.049696,139000000,280000000,0.051537,109000000,171000000,0.031474,,0.06,0.06,2755000000,2755000000